Building DAG of jobs...
Job stats:
job                                count    min threads    max threads
-------------------------------  -------  -------------  -------------
all                                    1              1              1
bwa_align_paired                      10              1              1
bwa_align_single                      63              1              1
call_haplotypes                       17              1              1
create_variants_DB                    25              1              1
merge_and_recalibrate_bam_files       17              1              1
trim_fastq_paired                     10              1              1
trim_fastq_single                     63              1              1
total                                206              1              1


[Mon Jan 23 09:55:12 2023]
Job 43: [TRIMMING] single sample for SRR13105373
Reason: Missing output files: data/raw_samples/trimmed_fastq/SRR13105373_trimmed.fq.gz

"
        (trim_galore --single --phred33 --cores 4 --stringency 3 --illumina data/raw_samples/raw_fastq/SRR13105373.fastq.gz --output_dir data/raw_samples/trimmed_fastq) 2> log/trim/SRR13105373.log
        

[Mon Jan 23 09:55:12 2023]
Job 28: [TRIMMING] single sample for SRR13105367
Reason: Missing output files: data/raw_samples/trimmed_fastq/SRR13105367_trimmed.fq.gz

"
        (trim_galore --single --phred33 --cores 4 --stringency 3 --illumina data/raw_samples/raw_fastq/SRR13105367.fastq.gz --output_dir data/raw_samples/trimmed_fastq) 2> log/trim/SRR13105367.log
        

[Mon Jan 23 09:55:12 2023]
Job 13: [TRIMMING] single sample for SRR13105422
Reason: Missing output files: data/raw_samples/trimmed_fastq/SRR13105422_trimmed.fq.gz

"
        (trim_galore --single --phred33 --cores 4 --stringency 3 --illumina data/raw_samples/raw_fastq/SRR13105422.fastq.gz --output_dir data/raw_samples/trimmed_fastq) 2> log/trim/SRR13105422.log
        

[Mon Jan 23 09:55:12 2023]
Job 58: [TRIMMING] single sample for SRR13105419
Reason: Missing output files: data/raw_samples/trimmed_fastq/SRR13105419_trimmed.fq.gz

"
        (trim_galore --single --phred33 --cores 4 --stringency 3 --illumina data/raw_samples/raw_fastq/SRR13105419.fastq.gz --output_dir data/raw_samples/trimmed_fastq) 2> log/trim/SRR13105419.log
        

[Mon Jan 23 09:55:12 2023]
Job 73: [TRIMMING] single sample for SRR13105459
Reason: Missing output files: data/raw_samples/trimmed_fastq/SRR13105459_trimmed.fq.gz

"
        (trim_galore --single --phred33 --cores 4 --stringency 3 --illumina data/raw_samples/raw_fastq/SRR13105459.fastq.gz --output_dir data/raw_samples/trimmed_fastq) 2> log/trim/SRR13105459.log
        

[Mon Jan 23 09:55:12 2023]
Job 44: [TRIMMING] single sample for SRR13105402
Reason: Missing output files: data/raw_samples/trimmed_fastq/SRR13105402_trimmed.fq.gz

"
        (trim_galore --single --phred33 --cores 4 --stringency 3 --illumina data/raw_samples/raw_fastq/SRR13105402.fastq.gz --output_dir data/raw_samples/trimmed_fastq) 2> log/trim/SRR13105402.log
        

[Mon Jan 23 09:55:12 2023]
Job 29: [TRIMMING] single sample for SRR13105395
Reason: Missing output files: data/raw_samples/trimmed_fastq/SRR13105395_trimmed.fq.gz

"
        (trim_galore --single --phred33 --cores 4 --stringency 3 --illumina data/raw_samples/raw_fastq/SRR13105395.fastq.gz --output_dir data/raw_samples/trimmed_fastq) 2> log/trim/SRR13105395.log
        

[Mon Jan 23 09:55:12 2023]
Job 14: [TRIMMING] single sample for SRR13105423
Reason: Missing output files: data/raw_samples/trimmed_fastq/SRR13105423_trimmed.fq.gz

"
        (trim_galore --single --phred33 --cores 4 --stringency 3 --illumina data/raw_samples/raw_fastq/SRR13105423.fastq.gz --output_dir data/raw_samples/trimmed_fastq) 2> log/trim/SRR13105423.log
        

[Mon Jan 23 09:55:12 2023]
Job 2: [TRIMMING] paired samples for SRR13105384
Reason: Missing output files: data/raw_samples/trimmed_fastq/SRR13105384_1_val_1.fq.gz, data/raw_samples/trimmed_fastq/SRR13105384_2_val_2.fq.gz

"
        (trim_galore --paired --phred33 --cores 4 --stringency 3 --illumina data/raw_samples/raw_fastq/SRR13105384_1.fastq.gz data/raw_samples/raw_fastq/SRR13105384_2.fastq.gz --output_dir data/raw_samples/trimmed_fastq) 2> log/trim/SRR13105384.log
        

[Mon Jan 23 09:55:12 2023]
Job 59: [TRIMMING] single sample for SRR13105429
Reason: Missing output files: data/raw_samples/trimmed_fastq/SRR13105429_trimmed.fq.gz

"
        (trim_galore --single --phred33 --cores 4 --stringency 3 --illumina data/raw_samples/raw_fastq/SRR13105429.fastq.gz --output_dir data/raw_samples/trimmed_fastq) 2> log/trim/SRR13105429.log
        

[Mon Jan 23 09:55:12 2023]
Job 45: [TRIMMING] single sample for SRR13105450
Reason: Missing output files: data/raw_samples/trimmed_fastq/SRR13105450_trimmed.fq.gz

"
        (trim_galore --single --phred33 --cores 4 --stringency 3 --illumina data/raw_samples/raw_fastq/SRR13105450.fastq.gz --output_dir data/raw_samples/trimmed_fastq) 2> log/trim/SRR13105450.log
        

[Mon Jan 23 09:55:12 2023]
Job 30: [TRIMMING] single sample for SRR13105444
Reason: Missing output files: data/raw_samples/trimmed_fastq/SRR13105444_trimmed.fq.gz

"
        (trim_galore --single --phred33 --cores 4 --stringency 3 --illumina data/raw_samples/raw_fastq/SRR13105444.fastq.gz --output_dir data/raw_samples/trimmed_fastq) 2> log/trim/SRR13105444.log
        

[Mon Jan 23 09:55:12 2023]
Job 15: [TRIMMING] single sample for SRR13105435
Reason: Missing output files: data/raw_samples/trimmed_fastq/SRR13105435_trimmed.fq.gz

"
        (trim_galore --single --phred33 --cores 4 --stringency 3 --illumina data/raw_samples/raw_fastq/SRR13105435.fastq.gz --output_dir data/raw_samples/trimmed_fastq) 2> log/trim/SRR13105435.log
        

[Mon Jan 23 09:55:12 2023]
Job 60: [TRIMMING] single sample for SRR13105456
Reason: Missing output files: data/raw_samples/trimmed_fastq/SRR13105456_trimmed.fq.gz

"
        (trim_galore --single --phred33 --cores 4 --stringency 3 --illumina data/raw_samples/raw_fastq/SRR13105456.fastq.gz --output_dir data/raw_samples/trimmed_fastq) 2> log/trim/SRR13105456.log
        

[Mon Jan 23 09:55:12 2023]
Job 46: [TRIMMING] single sample for SRR13105375
Reason: Missing output files: data/raw_samples/trimmed_fastq/SRR13105375_trimmed.fq.gz

"
        (trim_galore --single --phred33 --cores 4 --stringency 3 --illumina data/raw_samples/raw_fastq/SRR13105375.fastq.gz --output_dir data/raw_samples/trimmed_fastq) 2> log/trim/SRR13105375.log
        

[Mon Jan 23 09:55:12 2023]
Job 31: [TRIMMING] single sample for SRR13105397
Reason: Missing output files: data/raw_samples/trimmed_fastq/SRR13105397_trimmed.fq.gz

"
        (trim_galore --single --phred33 --cores 4 --stringency 3 --illumina data/raw_samples/raw_fastq/SRR13105397.fastq.gz --output_dir data/raw_samples/trimmed_fastq) 2> log/trim/SRR13105397.log
        

[Mon Jan 23 09:55:12 2023]
Job 16: [TRIMMING] single sample for SRR13105436
Reason: Missing output files: data/raw_samples/trimmed_fastq/SRR13105436_trimmed.fq.gz

"
        (trim_galore --single --phred33 --cores 4 --stringency 3 --illumina data/raw_samples/raw_fastq/SRR13105436.fastq.gz --output_dir data/raw_samples/trimmed_fastq) 2> log/trim/SRR13105436.log
        

[Mon Jan 23 09:55:12 2023]
Job 61: [TRIMMING] single sample for SRR13105380
Reason: Missing output files: data/raw_samples/trimmed_fastq/SRR13105380_trimmed.fq.gz

"
        (trim_galore --single --phred33 --cores 4 --stringency 3 --illumina data/raw_samples/raw_fastq/SRR13105380.fastq.gz --output_dir data/raw_samples/trimmed_fastq) 2> log/trim/SRR13105380.log
        

[Mon Jan 23 09:55:12 2023]
Job 47: [TRIMMING] single sample for SRR13105404
Reason: Missing output files: data/raw_samples/trimmed_fastq/SRR13105404_trimmed.fq.gz

"
        (trim_galore --single --phred33 --cores 4 --stringency 3 --illumina data/raw_samples/raw_fastq/SRR13105404.fastq.gz --output_dir data/raw_samples/trimmed_fastq) 2> log/trim/SRR13105404.log
        

[Mon Jan 23 09:55:12 2023]
Job 32: [TRIMMING] single sample for SRR13105446
Reason: Missing output files: data/raw_samples/trimmed_fastq/SRR13105446_trimmed.fq.gz

"
        (trim_galore --single --phred33 --cores 4 --stringency 3 --illumina data/raw_samples/raw_fastq/SRR13105446.fastq.gz --output_dir data/raw_samples/trimmed_fastq) 2> log/trim/SRR13105446.log
        

[Mon Jan 23 09:55:12 2023]
Job 17: [TRIMMING] single sample for SRR13105361
Reason: Missing output files: data/raw_samples/trimmed_fastq/SRR13105361_trimmed.fq.gz

"
        (trim_galore --single --phred33 --cores 4 --stringency 3 --illumina data/raw_samples/raw_fastq/SRR13105361.fastq.gz --output_dir data/raw_samples/trimmed_fastq) 2> log/trim/SRR13105361.log
        

[Mon Jan 23 09:55:12 2023]
Job 1: [TRIMMING] paired samples for SRR13105357
Reason: Missing output files: data/raw_samples/trimmed_fastq/SRR13105357_1_val_1.fq.gz, data/raw_samples/trimmed_fastq/SRR13105357_2_val_2.fq.gz

"
        (trim_galore --paired --phred33 --cores 4 --stringency 3 --illumina data/raw_samples/raw_fastq/SRR13105357_1.fastq.gz data/raw_samples/raw_fastq/SRR13105357_2.fastq.gz --output_dir data/raw_samples/trimmed_fastq) 2> log/trim/SRR13105357.log
        

[Mon Jan 23 09:55:12 2023]
Job 62: [TRIMMING] single sample for SRR13105409
Reason: Missing output files: data/raw_samples/trimmed_fastq/SRR13105409_trimmed.fq.gz

"
        (trim_galore --single --phred33 --cores 4 --stringency 3 --illumina data/raw_samples/raw_fastq/SRR13105409.fastq.gz --output_dir data/raw_samples/trimmed_fastq) 2> log/trim/SRR13105409.log
        

[Mon Jan 23 09:55:12 2023]
Job 48: [TRIMMING] single sample for SRR13105417
Reason: Missing output files: data/raw_samples/trimmed_fastq/SRR13105417_trimmed.fq.gz

"
        (trim_galore --single --phred33 --cores 4 --stringency 3 --illumina data/raw_samples/raw_fastq/SRR13105417.fastq.gz --output_dir data/raw_samples/trimmed_fastq) 2> log/trim/SRR13105417.log
        

[Mon Jan 23 09:55:12 2023]
Job 33: [TRIMMING] single sample for SRR13105370
Reason: Missing output files: data/raw_samples/trimmed_fastq/SRR13105370_trimmed.fq.gz

"
        (trim_galore --single --phred33 --cores 4 --stringency 3 --illumina data/raw_samples/raw_fastq/SRR13105370.fastq.gz --output_dir data/raw_samples/trimmed_fastq) 2> log/trim/SRR13105370.log
        

[Mon Jan 23 09:55:12 2023]
Job 18: [TRIMMING] single sample for SRR13105389
Reason: Missing output files: data/raw_samples/trimmed_fastq/SRR13105389_trimmed.fq.gz

"
        (trim_galore --single --phred33 --cores 4 --stringency 3 --illumina data/raw_samples/raw_fastq/SRR13105389.fastq.gz --output_dir data/raw_samples/trimmed_fastq) 2> log/trim/SRR13105389.log
        

[Mon Jan 23 09:55:12 2023]
Job 63: [TRIMMING] single sample for SRR13105457
Reason: Missing output files: data/raw_samples/trimmed_fastq/SRR13105457_trimmed.fq.gz

"
        (trim_galore --single --phred33 --cores 4 --stringency 3 --illumina data/raw_samples/raw_fastq/SRR13105457.fastq.gz --output_dir data/raw_samples/trimmed_fastq) 2> log/trim/SRR13105457.log
        

[Mon Jan 23 09:55:12 2023]
Job 3: [TRIMMING] paired samples for SRR13105433
Reason: Missing output files: data/raw_samples/trimmed_fastq/SRR13105433_1_val_1.fq.gz, data/raw_samples/trimmed_fastq/SRR13105433_2_val_2.fq.gz

"
        (trim_galore --paired --phred33 --cores 4 --stringency 3 --illumina data/raw_samples/raw_fastq/SRR13105433_1.fastq.gz data/raw_samples/raw_fastq/SRR13105433_2.fastq.gz --output_dir data/raw_samples/trimmed_fastq) 2> log/trim/SRR13105433.log
        

[Mon Jan 23 09:55:12 2023]
Job 49: [TRIMMING] single sample for SRR13105427
Reason: Missing output files: data/raw_samples/trimmed_fastq/SRR13105427_trimmed.fq.gz

"
        (trim_galore --single --phred33 --cores 4 --stringency 3 --illumina data/raw_samples/raw_fastq/SRR13105427.fastq.gz --output_dir data/raw_samples/trimmed_fastq) 2> log/trim/SRR13105427.log
        

[Mon Jan 23 09:55:12 2023]
Job 34: [TRIMMING] single sample for SRR13105399
Reason: Missing output files: data/raw_samples/trimmed_fastq/SRR13105399_trimmed.fq.gz

"
        (trim_galore --single --phred33 --cores 4 --stringency 3 --illumina data/raw_samples/raw_fastq/SRR13105399.fastq.gz --output_dir data/raw_samples/trimmed_fastq) 2> log/trim/SRR13105399.log
        

[Mon Jan 23 09:55:12 2023]
Job 19: [TRIMMING] single sample for SRR13105438
Reason: Missing output files: data/raw_samples/trimmed_fastq/SRR13105438_trimmed.fq.gz

"
        (trim_galore --single --phred33 --cores 4 --stringency 3 --illumina data/raw_samples/raw_fastq/SRR13105438.fastq.gz --output_dir data/raw_samples/trimmed_fastq) 2> log/trim/SRR13105438.log
        

[Mon Jan 23 09:55:12 2023]
Job 4: [TRIMMING] paired samples for SRR13105358
Reason: Missing output files: data/raw_samples/trimmed_fastq/SRR13105358_2_val_2.fq.gz, data/raw_samples/trimmed_fastq/SRR13105358_1_val_1.fq.gz

"
        (trim_galore --paired --phred33 --cores 4 --stringency 3 --illumina data/raw_samples/raw_fastq/SRR13105358_1.fastq.gz data/raw_samples/raw_fastq/SRR13105358_2.fastq.gz --output_dir data/raw_samples/trimmed_fastq) 2> log/trim/SRR13105358.log
        

[Mon Jan 23 09:55:12 2023]
Job 64: [TRIMMING] single sample for SRR13105381
Reason: Missing output files: data/raw_samples/trimmed_fastq/SRR13105381_trimmed.fq.gz

"
        (trim_galore --single --phred33 --cores 4 --stringency 3 --illumina data/raw_samples/raw_fastq/SRR13105381.fastq.gz --output_dir data/raw_samples/trimmed_fastq) 2> log/trim/SRR13105381.log
        

[Mon Jan 23 09:55:12 2023]
Job 50: [TRIMMING] single sample for SRR13105452
Reason: Missing output files: data/raw_samples/trimmed_fastq/SRR13105452_trimmed.fq.gz

"
        (trim_galore --single --phred33 --cores 4 --stringency 3 --illumina data/raw_samples/raw_fastq/SRR13105452.fastq.gz --output_dir data/raw_samples/trimmed_fastq) 2> log/trim/SRR13105452.log
        

[Mon Jan 23 09:55:12 2023]
Job 35: [TRIMMING] single sample for SRR13105415
Reason: Missing output files: data/raw_samples/trimmed_fastq/SRR13105415_trimmed.fq.gz

"
        (trim_galore --single --phred33 --cores 4 --stringency 3 --illumina data/raw_samples/raw_fastq/SRR13105415.fastq.gz --output_dir data/raw_samples/trimmed_fastq) 2> log/trim/SRR13105415.log
        

[Mon Jan 23 09:55:12 2023]
Job 20: [TRIMMING] single sample for SRR13105362
Reason: Missing output files: data/raw_samples/trimmed_fastq/SRR13105362_trimmed.fq.gz

"
        (trim_galore --single --phred33 --cores 4 --stringency 3 --illumina data/raw_samples/raw_fastq/SRR13105362.fastq.gz --output_dir data/raw_samples/trimmed_fastq) 2> log/trim/SRR13105362.log
        

[Mon Jan 23 09:55:12 2023]
Job 5: [TRIMMING] paired samples for SRR13105385
Reason: Missing output files: data/raw_samples/trimmed_fastq/SRR13105385_1_val_1.fq.gz, data/raw_samples/trimmed_fastq/SRR13105385_2_val_2.fq.gz

"
        (trim_galore --paired --phred33 --cores 4 --stringency 3 --illumina data/raw_samples/raw_fastq/SRR13105385_1.fastq.gz data/raw_samples/raw_fastq/SRR13105385_2.fastq.gz --output_dir data/raw_samples/trimmed_fastq) 2> log/trim/SRR13105385.log
        

[Mon Jan 23 09:55:12 2023]
Job 65: [TRIMMING] single sample for SRR13105410
Reason: Missing output files: data/raw_samples/trimmed_fastq/SRR13105410_trimmed.fq.gz

"
        (trim_galore --single --phred33 --cores 4 --stringency 3 --illumina data/raw_samples/raw_fastq/SRR13105410.fastq.gz --output_dir data/raw_samples/trimmed_fastq) 2> log/trim/SRR13105410.log
        

[Mon Jan 23 09:55:12 2023]
Job 51: [TRIMMING] single sample for SRR13105377
Reason: Missing output files: data/raw_samples/trimmed_fastq/SRR13105377_trimmed.fq.gz

"
        (trim_galore --single --phred33 --cores 4 --stringency 3 --illumina data/raw_samples/raw_fastq/SRR13105377.fastq.gz --output_dir data/raw_samples/trimmed_fastq) 2> log/trim/SRR13105377.log
        

[Mon Jan 23 09:55:12 2023]
Job 36: [TRIMMING] single sample for SRR13105425
Reason: Missing output files: data/raw_samples/trimmed_fastq/SRR13105425_trimmed.fq.gz

"
        (trim_galore --single --phred33 --cores 4 --stringency 3 --illumina data/raw_samples/raw_fastq/SRR13105425.fastq.gz --output_dir data/raw_samples/trimmed_fastq) 2> log/trim/SRR13105425.log
        

[Mon Jan 23 09:55:12 2023]
Job 21: [TRIMMING] single sample for SRR13105390
Reason: Missing output files: data/raw_samples/trimmed_fastq/SRR13105390_trimmed.fq.gz

"
        (trim_galore --single --phred33 --cores 4 --stringency 3 --illumina data/raw_samples/raw_fastq/SRR13105390.fastq.gz --output_dir data/raw_samples/trimmed_fastq) 2> log/trim/SRR13105390.log
        

[Mon Jan 23 09:55:12 2023]
Job 6: [TRIMMING] paired samples for SRR13105434
Reason: Missing output files: data/raw_samples/trimmed_fastq/SRR13105434_2_val_2.fq.gz, data/raw_samples/trimmed_fastq/SRR13105434_1_val_1.fq.gz

"
        (trim_galore --paired --phred33 --cores 4 --stringency 3 --illumina data/raw_samples/raw_fastq/SRR13105434_1.fastq.gz data/raw_samples/raw_fastq/SRR13105434_2.fastq.gz --output_dir data/raw_samples/trimmed_fastq) 2> log/trim/SRR13105434.log
        

[Mon Jan 23 09:55:12 2023]
Job 66: [TRIMMING] single sample for SRR13105420
Reason: Missing output files: data/raw_samples/trimmed_fastq/SRR13105420_trimmed.fq.gz

"
        (trim_galore --single --phred33 --cores 4 --stringency 3 --illumina data/raw_samples/raw_fastq/SRR13105420.fastq.gz --output_dir data/raw_samples/trimmed_fastq) 2> log/trim/SRR13105420.log
        

[Mon Jan 23 09:55:12 2023]
Job 52: [TRIMMING] single sample for SRR13105406
Reason: Missing output files: data/raw_samples/trimmed_fastq/SRR13105406_trimmed.fq.gz

"
        (trim_galore --single --phred33 --cores 4 --stringency 3 --illumina data/raw_samples/raw_fastq/SRR13105406.fastq.gz --output_dir data/raw_samples/trimmed_fastq) 2> log/trim/SRR13105406.log
        

[Mon Jan 23 09:55:12 2023]
Job 37: [TRIMMING] single sample for SRR13105447
Reason: Missing output files: data/raw_samples/trimmed_fastq/SRR13105447_trimmed.fq.gz

"
        (trim_galore --single --phred33 --cores 4 --stringency 3 --illumina data/raw_samples/raw_fastq/SRR13105447.fastq.gz --output_dir data/raw_samples/trimmed_fastq) 2> log/trim/SRR13105447.log
        

[Mon Jan 23 09:55:12 2023]
Job 22: [TRIMMING] single sample for SRR13105439
Reason: Missing output files: data/raw_samples/trimmed_fastq/SRR13105439_trimmed.fq.gz

"
        (trim_galore --single --phred33 --cores 4 --stringency 3 --illumina data/raw_samples/raw_fastq/SRR13105439.fastq.gz --output_dir data/raw_samples/trimmed_fastq) 2> log/trim/SRR13105439.log
        

[Mon Jan 23 09:55:12 2023]
Job 7: [TRIMMING] paired samples for SRR13105359
Reason: Missing output files: data/raw_samples/trimmed_fastq/SRR13105359_1_val_1.fq.gz, data/raw_samples/trimmed_fastq/SRR13105359_2_val_2.fq.gz

"
        (trim_galore --paired --phred33 --cores 4 --stringency 3 --illumina data/raw_samples/raw_fastq/SRR13105359_1.fastq.gz data/raw_samples/raw_fastq/SRR13105359_2.fastq.gz --output_dir data/raw_samples/trimmed_fastq) 2> log/trim/SRR13105359.log
        

[Mon Jan 23 09:55:12 2023]
Job 67: [TRIMMING] single sample for SRR13105430
Reason: Missing output files: data/raw_samples/trimmed_fastq/SRR13105430_trimmed.fq.gz

"
        (trim_galore --single --phred33 --cores 4 --stringency 3 --illumina data/raw_samples/raw_fastq/SRR13105430.fastq.gz --output_dir data/raw_samples/trimmed_fastq) 2> log/trim/SRR13105430.log
        

[Mon Jan 23 09:55:12 2023]
Job 53: [TRIMMING] single sample for SRR13105418
Reason: Missing output files: data/raw_samples/trimmed_fastq/SRR13105418_trimmed.fq.gz

"
        (trim_galore --single --phred33 --cores 4 --stringency 3 --illumina data/raw_samples/raw_fastq/SRR13105418.fastq.gz --output_dir data/raw_samples/trimmed_fastq) 2> log/trim/SRR13105418.log
        

[Mon Jan 23 09:55:12 2023]
Job 38: [TRIMMING] single sample for SRR13105371
Reason: Missing output files: data/raw_samples/trimmed_fastq/SRR13105371_trimmed.fq.gz

"
        (trim_galore --single --phred33 --cores 4 --stringency 3 --illumina data/raw_samples/raw_fastq/SRR13105371.fastq.gz --output_dir data/raw_samples/trimmed_fastq) 2> log/trim/SRR13105371.log
        

[Mon Jan 23 09:55:12 2023]
Job 23: [TRIMMING] single sample for SRR13105364
Reason: Missing output files: data/raw_samples/trimmed_fastq/SRR13105364_trimmed.fq.gz

"
        (trim_galore --single --phred33 --cores 4 --stringency 3 --illumina data/raw_samples/raw_fastq/SRR13105364.fastq.gz --output_dir data/raw_samples/trimmed_fastq) 2> log/trim/SRR13105364.log
        

[Mon Jan 23 09:55:12 2023]
Job 8: [TRIMMING] paired samples for SRR13105360
Reason: Missing output files: data/raw_samples/trimmed_fastq/SRR13105360_1_val_1.fq.gz, data/raw_samples/trimmed_fastq/SRR13105360_2_val_2.fq.gz

"
        (trim_galore --paired --phred33 --cores 4 --stringency 3 --illumina data/raw_samples/raw_fastq/SRR13105360_1.fastq.gz data/raw_samples/raw_fastq/SRR13105360_2.fastq.gz --output_dir data/raw_samples/trimmed_fastq) 2> log/trim/SRR13105360.log
        

[Mon Jan 23 09:55:12 2023]
Job 68: [TRIMMING] single sample for SRR13105458
Reason: Missing output files: data/raw_samples/trimmed_fastq/SRR13105458_trimmed.fq.gz

"
        (trim_galore --single --phred33 --cores 4 --stringency 3 --illumina data/raw_samples/raw_fastq/SRR13105458.fastq.gz --output_dir data/raw_samples/trimmed_fastq) 2> log/trim/SRR13105458.log
        

[Mon Jan 23 09:55:12 2023]
Job 54: [TRIMMING] single sample for SRR13105428
Reason: Missing output files: data/raw_samples/trimmed_fastq/SRR13105428_trimmed.fq.gz

"
        (trim_galore --single --phred33 --cores 4 --stringency 3 --illumina data/raw_samples/raw_fastq/SRR13105428.fastq.gz --output_dir data/raw_samples/trimmed_fastq) 2> log/trim/SRR13105428.log
        

[Mon Jan 23 09:55:12 2023]
Job 39: [TRIMMING] single sample for SRR13105400
Reason: Missing output files: data/raw_samples/trimmed_fastq/SRR13105400_trimmed.fq.gz

"
        (trim_galore --single --phred33 --cores 4 --stringency 3 --illumina data/raw_samples/raw_fastq/SRR13105400.fastq.gz --output_dir data/raw_samples/trimmed_fastq) 2> log/trim/SRR13105400.log
        

[Mon Jan 23 09:55:12 2023]
Job 24: [TRIMMING] single sample for SRR13105392
Reason: Missing output files: data/raw_samples/trimmed_fastq/SRR13105392_trimmed.fq.gz

"
        (trim_galore --single --phred33 --cores 4 --stringency 3 --illumina data/raw_samples/raw_fastq/SRR13105392.fastq.gz --output_dir data/raw_samples/trimmed_fastq) 2> log/trim/SRR13105392.log
        

[Mon Jan 23 09:55:12 2023]
Job 9: [TRIMMING] paired samples for SRR13105386
Reason: Missing output files: data/raw_samples/trimmed_fastq/SRR13105386_2_val_2.fq.gz, data/raw_samples/trimmed_fastq/SRR13105386_1_val_1.fq.gz

"
        (trim_galore --paired --phred33 --cores 4 --stringency 3 --illumina data/raw_samples/raw_fastq/SRR13105386_1.fastq.gz data/raw_samples/raw_fastq/SRR13105386_2.fastq.gz --output_dir data/raw_samples/trimmed_fastq) 2> log/trim/SRR13105386.log
        

[Mon Jan 23 09:55:12 2023]
Job 69: [TRIMMING] single sample for SRR13105382
Reason: Missing output files: data/raw_samples/trimmed_fastq/SRR13105382_trimmed.fq.gz

"
        (trim_galore --single --phred33 --cores 4 --stringency 3 --illumina data/raw_samples/raw_fastq/SRR13105382.fastq.gz --output_dir data/raw_samples/trimmed_fastq) 2> log/trim/SRR13105382.log
        

[Mon Jan 23 09:55:12 2023]
Job 55: [TRIMMING] single sample for SRR13105454
Reason: Missing output files: data/raw_samples/trimmed_fastq/SRR13105454_trimmed.fq.gz

"
        (trim_galore --single --phred33 --cores 4 --stringency 3 --illumina data/raw_samples/raw_fastq/SRR13105454.fastq.gz --output_dir data/raw_samples/trimmed_fastq) 2> log/trim/SRR13105454.log
        

[Mon Jan 23 09:55:12 2023]
Job 40: [TRIMMING] single sample for SRR13105416
Reason: Missing output files: data/raw_samples/trimmed_fastq/SRR13105416_trimmed.fq.gz

"
        (trim_galore --single --phred33 --cores 4 --stringency 3 --illumina data/raw_samples/raw_fastq/SRR13105416.fastq.gz --output_dir data/raw_samples/trimmed_fastq) 2> log/trim/SRR13105416.log
        

[Mon Jan 23 09:55:12 2023]
Job 25: [TRIMMING] single sample for SRR13105414
Reason: Missing output files: data/raw_samples/trimmed_fastq/SRR13105414_trimmed.fq.gz

"
        (trim_galore --single --phred33 --cores 4 --stringency 3 --illumina data/raw_samples/raw_fastq/SRR13105414.fastq.gz --output_dir data/raw_samples/trimmed_fastq) 2> log/trim/SRR13105414.log
        

[Mon Jan 23 09:55:12 2023]
Job 10: [TRIMMING] paired samples for SRR13105387
Reason: Missing output files: data/raw_samples/trimmed_fastq/SRR13105387_2_val_2.fq.gz, data/raw_samples/trimmed_fastq/SRR13105387_1_val_1.fq.gz

"
        (trim_galore --paired --phred33 --cores 4 --stringency 3 --illumina data/raw_samples/raw_fastq/SRR13105387_1.fastq.gz data/raw_samples/raw_fastq/SRR13105387_2.fastq.gz --output_dir data/raw_samples/trimmed_fastq) 2> log/trim/SRR13105387.log
        

[Mon Jan 23 09:55:12 2023]
Job 70: [TRIMMING] single sample for SRR13105411
Reason: Missing output files: data/raw_samples/trimmed_fastq/SRR13105411_trimmed.fq.gz

"
        (trim_galore --single --phred33 --cores 4 --stringency 3 --illumina data/raw_samples/raw_fastq/SRR13105411.fastq.gz --output_dir data/raw_samples/trimmed_fastq) 2> log/trim/SRR13105411.log
        

[Mon Jan 23 09:55:12 2023]
Job 56: [TRIMMING] single sample for SRR13105379
Reason: Missing output files: data/raw_samples/trimmed_fastq/SRR13105379_trimmed.fq.gz

"
        (trim_galore --single --phred33 --cores 4 --stringency 3 --illumina data/raw_samples/raw_fastq/SRR13105379.fastq.gz --output_dir data/raw_samples/trimmed_fastq) 2> log/trim/SRR13105379.log
        

[Mon Jan 23 09:55:12 2023]
Job 41: [TRIMMING] single sample for SRR13105426
Reason: Missing output files: data/raw_samples/trimmed_fastq/SRR13105426_trimmed.fq.gz

"
        (trim_galore --single --phred33 --cores 4 --stringency 3 --illumina data/raw_samples/raw_fastq/SRR13105426.fastq.gz --output_dir data/raw_samples/trimmed_fastq) 2> log/trim/SRR13105426.log
        

[Mon Jan 23 09:55:12 2023]
Job 26: [TRIMMING] single sample for SRR13105424
Reason: Missing output files: data/raw_samples/trimmed_fastq/SRR13105424_trimmed.fq.gz

"
        (trim_galore --single --phred33 --cores 4 --stringency 3 --illumina data/raw_samples/raw_fastq/SRR13105424.fastq.gz --output_dir data/raw_samples/trimmed_fastq) 2> log/trim/SRR13105424.log
        

[Mon Jan 23 09:55:12 2023]
Job 11: [TRIMMING] single sample for SRR13105412
Reason: Missing output files: data/raw_samples/trimmed_fastq/SRR13105412_trimmed.fq.gz

"
        (trim_galore --single --phred33 --cores 4 --stringency 3 --illumina data/raw_samples/raw_fastq/SRR13105412.fastq.gz --output_dir data/raw_samples/trimmed_fastq) 2> log/trim/SRR13105412.log
        

[Mon Jan 23 09:55:12 2023]
Job 71: [TRIMMING] single sample for SRR13105421
Reason: Missing output files: data/raw_samples/trimmed_fastq/SRR13105421_trimmed.fq.gz

"
        (trim_galore --single --phred33 --cores 4 --stringency 3 --illumina data/raw_samples/raw_fastq/SRR13105421.fastq.gz --output_dir data/raw_samples/trimmed_fastq) 2> log/trim/SRR13105421.log
        

[Mon Jan 23 09:55:12 2023]
Job 57: [TRIMMING] single sample for SRR13105408
Reason: Missing output files: data/raw_samples/trimmed_fastq/SRR13105408_trimmed.fq.gz

"
        (trim_galore --single --phred33 --cores 4 --stringency 3 --illumina data/raw_samples/raw_fastq/SRR13105408.fastq.gz --output_dir data/raw_samples/trimmed_fastq) 2> log/trim/SRR13105408.log
        

[Mon Jan 23 09:55:12 2023]
Job 42: [TRIMMING] single sample for SRR13105448
Reason: Missing output files: data/raw_samples/trimmed_fastq/SRR13105448_trimmed.fq.gz

"
        (trim_galore --single --phred33 --cores 4 --stringency 3 --illumina data/raw_samples/raw_fastq/SRR13105448.fastq.gz --output_dir data/raw_samples/trimmed_fastq) 2> log/trim/SRR13105448.log
        

[Mon Jan 23 09:55:12 2023]
Job 27: [TRIMMING] single sample for SRR13105441
Reason: Missing output files: data/raw_samples/trimmed_fastq/SRR13105441_trimmed.fq.gz

"
        (trim_galore --single --phred33 --cores 4 --stringency 3 --illumina data/raw_samples/raw_fastq/SRR13105441.fastq.gz --output_dir data/raw_samples/trimmed_fastq) 2> log/trim/SRR13105441.log
        

[Mon Jan 23 09:55:12 2023]
Job 12: [TRIMMING] single sample for SRR13105413
Reason: Missing output files: data/raw_samples/trimmed_fastq/SRR13105413_trimmed.fq.gz

"
        (trim_galore --single --phred33 --cores 4 --stringency 3 --illumina data/raw_samples/raw_fastq/SRR13105413.fastq.gz --output_dir data/raw_samples/trimmed_fastq) 2> log/trim/SRR13105413.log
        

[Mon Jan 23 09:55:12 2023]
Job 72: [TRIMMING] single sample for SRR13105431
Reason: Missing output files: data/raw_samples/trimmed_fastq/SRR13105431_trimmed.fq.gz

"
        (trim_galore --single --phred33 --cores 4 --stringency 3 --illumina data/raw_samples/raw_fastq/SRR13105431.fastq.gz --output_dir data/raw_samples/trimmed_fastq) 2> log/trim/SRR13105431.log
        

[Mon Jan 23 09:55:13 2023]
Job 113: [ALIGNING] single sample for SRR13105416
Reason: Missing output files: data/raw_samples/aligned_fastq/SRR13105416.bam; Input files updated by another job: data/raw_samples/trimmed_fastq/SRR13105416_trimmed.fq.gz


        (bwa mem -M -t 8 resource/referenceFiles/Homo_sapiens/GATK/GRCh38/Sequence/BWAIndex/Homo_sapiens_assembly38.fasta.64 data/raw_samples/trimmed_fastq/SRR13105416_trimmed.fq.gz > data/raw_samples/bam_files/SRR13105416.sam) 2> log/bwa_align/SRR13105416.log
        (picard SortSam -I data/raw_samples/bam_files/SRR13105416.sam -O data/raw_samples/aligned_fastq/SRR13105416.bam --TMP_DIR tmp/ -SO coordinate --CREATE_INDEX true) 2> log/bwa_align/SRR13105416.log
        rm data/raw_samples/bam_files/SRR13105416.sam
        

[Mon Jan 23 09:55:13 2023]
Job 143: [ALIGNING] single sample for SRR13105411
Reason: Missing output files: data/raw_samples/aligned_fastq/SRR13105411.bam; Input files updated by another job: data/raw_samples/trimmed_fastq/SRR13105411_trimmed.fq.gz


        (bwa mem -M -t 8 resource/referenceFiles/Homo_sapiens/GATK/GRCh38/Sequence/BWAIndex/Homo_sapiens_assembly38.fasta.64 data/raw_samples/trimmed_fastq/SRR13105411_trimmed.fq.gz > data/raw_samples/bam_files/SRR13105411.sam) 2> log/bwa_align/SRR13105411.log
        (picard SortSam -I data/raw_samples/bam_files/SRR13105411.sam -O data/raw_samples/aligned_fastq/SRR13105411.bam --TMP_DIR tmp/ -SO coordinate --CREATE_INDEX true) 2> log/bwa_align/SRR13105411.log
        rm data/raw_samples/bam_files/SRR13105411.sam
        

[Mon Jan 23 09:55:13 2023]
Job 128: [ALIGNING] single sample for SRR13105454
Reason: Missing output files: data/raw_samples/aligned_fastq/SRR13105454.bam; Input files updated by another job: data/raw_samples/trimmed_fastq/SRR13105454_trimmed.fq.gz


        (bwa mem -M -t 8 resource/referenceFiles/Homo_sapiens/GATK/GRCh38/Sequence/BWAIndex/Homo_sapiens_assembly38.fasta.64 data/raw_samples/trimmed_fastq/SRR13105454_trimmed.fq.gz > data/raw_samples/bam_files/SRR13105454.sam) 2> log/bwa_align/SRR13105454.log
        (picard SortSam -I data/raw_samples/bam_files/SRR13105454.sam -O data/raw_samples/aligned_fastq/SRR13105454.bam --TMP_DIR tmp/ -SO coordinate --CREATE_INDEX true) 2> log/bwa_align/SRR13105454.log
        rm data/raw_samples/bam_files/SRR13105454.sam
        

[Mon Jan 23 09:55:13 2023]
Job 98: [ALIGNING] single sample for SRR13105414
Reason: Missing output files: data/raw_samples/aligned_fastq/SRR13105414.bam; Input files updated by another job: data/raw_samples/trimmed_fastq/SRR13105414_trimmed.fq.gz


        (bwa mem -M -t 8 resource/referenceFiles/Homo_sapiens/GATK/GRCh38/Sequence/BWAIndex/Homo_sapiens_assembly38.fasta.64 data/raw_samples/trimmed_fastq/SRR13105414_trimmed.fq.gz > data/raw_samples/bam_files/SRR13105414.sam) 2> log/bwa_align/SRR13105414.log
        (picard SortSam -I data/raw_samples/bam_files/SRR13105414.sam -O data/raw_samples/aligned_fastq/SRR13105414.bam --TMP_DIR tmp/ -SO coordinate --CREATE_INDEX true) 2> log/bwa_align/SRR13105414.log
        rm data/raw_samples/bam_files/SRR13105414.sam
        

[Mon Jan 23 09:55:13 2023]
Job 106: [ALIGNING] single sample for SRR13105370
Reason: Missing output files: data/raw_samples/aligned_fastq/SRR13105370.bam; Input files updated by another job: data/raw_samples/trimmed_fastq/SRR13105370_trimmed.fq.gz


        (bwa mem -M -t 8 resource/referenceFiles/Homo_sapiens/GATK/GRCh38/Sequence/BWAIndex/Homo_sapiens_assembly38.fasta.64 data/raw_samples/trimmed_fastq/SRR13105370_trimmed.fq.gz > data/raw_samples/bam_files/SRR13105370.sam) 2> log/bwa_align/SRR13105370.log
        (picard SortSam -I data/raw_samples/bam_files/SRR13105370.sam -O data/raw_samples/aligned_fastq/SRR13105370.bam --TMP_DIR tmp/ -SO coordinate --CREATE_INDEX true) 2> log/bwa_align/SRR13105370.log
        rm data/raw_samples/bam_files/SRR13105370.sam
        

[Mon Jan 23 09:55:13 2023]
Job 74: [ALIGNING] paired samples for SRR13105357
Reason: Missing output files: data/raw_samples/aligned_fastq/SRR13105357.bam; Input files updated by another job: data/raw_samples/trimmed_fastq/SRR13105357_1_val_1.fq.gz, data/raw_samples/trimmed_fastq/SRR13105357_2_val_2.fq.gz


        (bwa mem -M -t 8 resource/referenceFiles/Homo_sapiens/GATK/GRCh38/Sequence/BWAIndex/Homo_sapiens_assembly38.fasta.64 data/raw_samples/trimmed_fastq/SRR13105357_2_val_2.fq.gz data/raw_samples/trimmed_fastq/SRR13105357_2_val_2.fq.gz > data/raw_samples/bam_files/SRR13105357.sam) 2> log/bwa_align/SRR13105357.log
        (picard SortSam -I data/raw_samples/bam_files/SRR13105357.sam -O data/raw_samples/aligned_fastq/SRR13105357.bam --TMP_DIR tmp/ -SO coordinate --CREATE_INDEX true) 2> log/bwa_align/SRR13105357.log
        rm data/raw_samples/bam_files/SRR13105357.sam
        

[Mon Jan 23 09:55:13 2023]
Job 121: [ALIGNING] single sample for SRR13105417
Reason: Missing output files: data/raw_samples/aligned_fastq/SRR13105417.bam; Input files updated by another job: data/raw_samples/trimmed_fastq/SRR13105417_trimmed.fq.gz


        (bwa mem -M -t 8 resource/referenceFiles/Homo_sapiens/GATK/GRCh38/Sequence/BWAIndex/Homo_sapiens_assembly38.fasta.64 data/raw_samples/trimmed_fastq/SRR13105417_trimmed.fq.gz > data/raw_samples/bam_files/SRR13105417.sam) 2> log/bwa_align/SRR13105417.log
        (picard SortSam -I data/raw_samples/bam_files/SRR13105417.sam -O data/raw_samples/aligned_fastq/SRR13105417.bam --TMP_DIR tmp/ -SO coordinate --CREATE_INDEX true) 2> log/bwa_align/SRR13105417.log
        rm data/raw_samples/bam_files/SRR13105417.sam
        

[Mon Jan 23 09:55:13 2023]
Job 91: [ALIGNING] single sample for SRR13105389
Reason: Missing output files: data/raw_samples/aligned_fastq/SRR13105389.bam; Input files updated by another job: data/raw_samples/trimmed_fastq/SRR13105389_trimmed.fq.gz


        (bwa mem -M -t 8 resource/referenceFiles/Homo_sapiens/GATK/GRCh38/Sequence/BWAIndex/Homo_sapiens_assembly38.fasta.64 data/raw_samples/trimmed_fastq/SRR13105389_trimmed.fq.gz > data/raw_samples/bam_files/SRR13105389.sam) 2> log/bwa_align/SRR13105389.log
        (picard SortSam -I data/raw_samples/bam_files/SRR13105389.sam -O data/raw_samples/aligned_fastq/SRR13105389.bam --TMP_DIR tmp/ -SO coordinate --CREATE_INDEX true) 2> log/bwa_align/SRR13105389.log
        rm data/raw_samples/bam_files/SRR13105389.sam
        

[Mon Jan 23 09:55:13 2023]
Job 136: [ALIGNING] single sample for SRR13105457
Reason: Missing output files: data/raw_samples/aligned_fastq/SRR13105457.bam; Input files updated by another job: data/raw_samples/trimmed_fastq/SRR13105457_trimmed.fq.gz


        (bwa mem -M -t 8 resource/referenceFiles/Homo_sapiens/GATK/GRCh38/Sequence/BWAIndex/Homo_sapiens_assembly38.fasta.64 data/raw_samples/trimmed_fastq/SRR13105457_trimmed.fq.gz > data/raw_samples/bam_files/SRR13105457.sam) 2> log/bwa_align/SRR13105457.log
        (picard SortSam -I data/raw_samples/bam_files/SRR13105457.sam -O data/raw_samples/aligned_fastq/SRR13105457.bam --TMP_DIR tmp/ -SO coordinate --CREATE_INDEX true) 2> log/bwa_align/SRR13105457.log
        rm data/raw_samples/bam_files/SRR13105457.sam
        

[Mon Jan 23 09:55:13 2023]
Job 79: [ALIGNING] paired samples for SRR13105434
Reason: Missing output files: data/raw_samples/aligned_fastq/SRR13105434.bam; Input files updated by another job: data/raw_samples/trimmed_fastq/SRR13105434_2_val_2.fq.gz, data/raw_samples/trimmed_fastq/SRR13105434_1_val_1.fq.gz


        (bwa mem -M -t 8 resource/referenceFiles/Homo_sapiens/GATK/GRCh38/Sequence/BWAIndex/Homo_sapiens_assembly38.fasta.64 data/raw_samples/trimmed_fastq/SRR13105434_2_val_2.fq.gz data/raw_samples/trimmed_fastq/SRR13105434_2_val_2.fq.gz > data/raw_samples/bam_files/SRR13105434.sam) 2> log/bwa_align/SRR13105434.log
        (picard SortSam -I data/raw_samples/bam_files/SRR13105434.sam -O data/raw_samples/aligned_fastq/SRR13105434.bam --TMP_DIR tmp/ -SO coordinate --CREATE_INDEX true) 2> log/bwa_align/SRR13105434.log
        rm data/raw_samples/bam_files/SRR13105434.sam
        

[Mon Jan 23 09:55:13 2023]
Job 114: [ALIGNING] single sample for SRR13105426
Reason: Missing output files: data/raw_samples/aligned_fastq/SRR13105426.bam; Input files updated by another job: data/raw_samples/trimmed_fastq/SRR13105426_trimmed.fq.gz


        (bwa mem -M -t 8 resource/referenceFiles/Homo_sapiens/GATK/GRCh38/Sequence/BWAIndex/Homo_sapiens_assembly38.fasta.64 data/raw_samples/trimmed_fastq/SRR13105426_trimmed.fq.gz > data/raw_samples/bam_files/SRR13105426.sam) 2> log/bwa_align/SRR13105426.log
        (picard SortSam -I data/raw_samples/bam_files/SRR13105426.sam -O data/raw_samples/aligned_fastq/SRR13105426.bam --TMP_DIR tmp/ -SO coordinate --CREATE_INDEX true) 2> log/bwa_align/SRR13105426.log
        rm data/raw_samples/bam_files/SRR13105426.sam
        

[Mon Jan 23 09:55:13 2023]
Job 84: [ALIGNING] single sample for SRR13105412
Reason: Missing output files: data/raw_samples/aligned_fastq/SRR13105412.bam; Input files updated by another job: data/raw_samples/trimmed_fastq/SRR13105412_trimmed.fq.gz


        (bwa mem -M -t 8 resource/referenceFiles/Homo_sapiens/GATK/GRCh38/Sequence/BWAIndex/Homo_sapiens_assembly38.fasta.64 data/raw_samples/trimmed_fastq/SRR13105412_trimmed.fq.gz > data/raw_samples/bam_files/SRR13105412.sam) 2> log/bwa_align/SRR13105412.log
        (picard SortSam -I data/raw_samples/bam_files/SRR13105412.sam -O data/raw_samples/aligned_fastq/SRR13105412.bam --TMP_DIR tmp/ -SO coordinate --CREATE_INDEX true) 2> log/bwa_align/SRR13105412.log
        rm data/raw_samples/bam_files/SRR13105412.sam
        

[Mon Jan 23 09:55:13 2023]
Job 129: [ALIGNING] single sample for SRR13105379
Reason: Missing output files: data/raw_samples/aligned_fastq/SRR13105379.bam; Input files updated by another job: data/raw_samples/trimmed_fastq/SRR13105379_trimmed.fq.gz


        (bwa mem -M -t 8 resource/referenceFiles/Homo_sapiens/GATK/GRCh38/Sequence/BWAIndex/Homo_sapiens_assembly38.fasta.64 data/raw_samples/trimmed_fastq/SRR13105379_trimmed.fq.gz > data/raw_samples/bam_files/SRR13105379.sam) 2> log/bwa_align/SRR13105379.log
        (picard SortSam -I data/raw_samples/bam_files/SRR13105379.sam -O data/raw_samples/aligned_fastq/SRR13105379.bam --TMP_DIR tmp/ -SO coordinate --CREATE_INDEX true) 2> log/bwa_align/SRR13105379.log
        rm data/raw_samples/bam_files/SRR13105379.sam
        

[Mon Jan 23 09:55:13 2023]
Job 99: [ALIGNING] single sample for SRR13105424
Reason: Missing output files: data/raw_samples/aligned_fastq/SRR13105424.bam; Input files updated by another job: data/raw_samples/trimmed_fastq/SRR13105424_trimmed.fq.gz


        (bwa mem -M -t 8 resource/referenceFiles/Homo_sapiens/GATK/GRCh38/Sequence/BWAIndex/Homo_sapiens_assembly38.fasta.64 data/raw_samples/trimmed_fastq/SRR13105424_trimmed.fq.gz > data/raw_samples/bam_files/SRR13105424.sam) 2> log/bwa_align/SRR13105424.log
        (picard SortSam -I data/raw_samples/bam_files/SRR13105424.sam -O data/raw_samples/aligned_fastq/SRR13105424.bam --TMP_DIR tmp/ -SO coordinate --CREATE_INDEX true) 2> log/bwa_align/SRR13105424.log
        rm data/raw_samples/bam_files/SRR13105424.sam
        

[Mon Jan 23 09:55:13 2023]
Job 144: [ALIGNING] single sample for SRR13105421
Reason: Missing output files: data/raw_samples/aligned_fastq/SRR13105421.bam; Input files updated by another job: data/raw_samples/trimmed_fastq/SRR13105421_trimmed.fq.gz


        (bwa mem -M -t 8 resource/referenceFiles/Homo_sapiens/GATK/GRCh38/Sequence/BWAIndex/Homo_sapiens_assembly38.fasta.64 data/raw_samples/trimmed_fastq/SRR13105421_trimmed.fq.gz > data/raw_samples/bam_files/SRR13105421.sam) 2> log/bwa_align/SRR13105421.log
        (picard SortSam -I data/raw_samples/bam_files/SRR13105421.sam -O data/raw_samples/aligned_fastq/SRR13105421.bam --TMP_DIR tmp/ -SO coordinate --CREATE_INDEX true) 2> log/bwa_align/SRR13105421.log
        rm data/raw_samples/bam_files/SRR13105421.sam
        

[Mon Jan 23 09:55:13 2023]
Job 107: [ALIGNING] single sample for SRR13105399
Reason: Missing output files: data/raw_samples/aligned_fastq/SRR13105399.bam; Input files updated by another job: data/raw_samples/trimmed_fastq/SRR13105399_trimmed.fq.gz


        (bwa mem -M -t 8 resource/referenceFiles/Homo_sapiens/GATK/GRCh38/Sequence/BWAIndex/Homo_sapiens_assembly38.fasta.64 data/raw_samples/trimmed_fastq/SRR13105399_trimmed.fq.gz > data/raw_samples/bam_files/SRR13105399.sam) 2> log/bwa_align/SRR13105399.log
        (picard SortSam -I data/raw_samples/bam_files/SRR13105399.sam -O data/raw_samples/aligned_fastq/SRR13105399.bam --TMP_DIR tmp/ -SO coordinate --CREATE_INDEX true) 2> log/bwa_align/SRR13105399.log
        rm data/raw_samples/bam_files/SRR13105399.sam
        

[Mon Jan 23 09:55:13 2023]
Job 137: [ALIGNING] single sample for SRR13105381
Reason: Missing output files: data/raw_samples/aligned_fastq/SRR13105381.bam; Input files updated by another job: data/raw_samples/trimmed_fastq/SRR13105381_trimmed.fq.gz


        (bwa mem -M -t 8 resource/referenceFiles/Homo_sapiens/GATK/GRCh38/Sequence/BWAIndex/Homo_sapiens_assembly38.fasta.64 data/raw_samples/trimmed_fastq/SRR13105381_trimmed.fq.gz > data/raw_samples/bam_files/SRR13105381.sam) 2> log/bwa_align/SRR13105381.log
        (picard SortSam -I data/raw_samples/bam_files/SRR13105381.sam -O data/raw_samples/aligned_fastq/SRR13105381.bam --TMP_DIR tmp/ -SO coordinate --CREATE_INDEX true) 2> log/bwa_align/SRR13105381.log
        rm data/raw_samples/bam_files/SRR13105381.sam
        

[Mon Jan 23 09:55:13 2023]
Job 122: [ALIGNING] single sample for SRR13105427
Reason: Missing output files: data/raw_samples/aligned_fastq/SRR13105427.bam; Input files updated by another job: data/raw_samples/trimmed_fastq/SRR13105427_trimmed.fq.gz


        (bwa mem -M -t 8 resource/referenceFiles/Homo_sapiens/GATK/GRCh38/Sequence/BWAIndex/Homo_sapiens_assembly38.fasta.64 data/raw_samples/trimmed_fastq/SRR13105427_trimmed.fq.gz > data/raw_samples/bam_files/SRR13105427.sam) 2> log/bwa_align/SRR13105427.log
        (picard SortSam -I data/raw_samples/bam_files/SRR13105427.sam -O data/raw_samples/aligned_fastq/SRR13105427.bam --TMP_DIR tmp/ -SO coordinate --CREATE_INDEX true) 2> log/bwa_align/SRR13105427.log
        rm data/raw_samples/bam_files/SRR13105427.sam
        

[Mon Jan 23 09:55:13 2023]
Job 92: [ALIGNING] single sample for SRR13105438
Reason: Missing output files: data/raw_samples/aligned_fastq/SRR13105438.bam; Input files updated by another job: data/raw_samples/trimmed_fastq/SRR13105438_trimmed.fq.gz


        (bwa mem -M -t 8 resource/referenceFiles/Homo_sapiens/GATK/GRCh38/Sequence/BWAIndex/Homo_sapiens_assembly38.fasta.64 data/raw_samples/trimmed_fastq/SRR13105438_trimmed.fq.gz > data/raw_samples/bam_files/SRR13105438.sam) 2> log/bwa_align/SRR13105438.log
        (picard SortSam -I data/raw_samples/bam_files/SRR13105438.sam -O data/raw_samples/aligned_fastq/SRR13105438.bam --TMP_DIR tmp/ -SO coordinate --CREATE_INDEX true) 2> log/bwa_align/SRR13105438.log
        rm data/raw_samples/bam_files/SRR13105438.sam
        

[Mon Jan 23 09:55:13 2023]
Job 115: [ALIGNING] single sample for SRR13105448
Reason: Missing output files: data/raw_samples/aligned_fastq/SRR13105448.bam; Input files updated by another job: data/raw_samples/trimmed_fastq/SRR13105448_trimmed.fq.gz


        (bwa mem -M -t 8 resource/referenceFiles/Homo_sapiens/GATK/GRCh38/Sequence/BWAIndex/Homo_sapiens_assembly38.fasta.64 data/raw_samples/trimmed_fastq/SRR13105448_trimmed.fq.gz > data/raw_samples/bam_files/SRR13105448.sam) 2> log/bwa_align/SRR13105448.log
        (picard SortSam -I data/raw_samples/bam_files/SRR13105448.sam -O data/raw_samples/aligned_fastq/SRR13105448.bam --TMP_DIR tmp/ -SO coordinate --CREATE_INDEX true) 2> log/bwa_align/SRR13105448.log
        rm data/raw_samples/bam_files/SRR13105448.sam
        

[Mon Jan 23 09:55:13 2023]
Job 80: [ALIGNING] paired samples for SRR13105359
Reason: Missing output files: data/raw_samples/aligned_fastq/SRR13105359.bam; Input files updated by another job: data/raw_samples/trimmed_fastq/SRR13105359_1_val_1.fq.gz, data/raw_samples/trimmed_fastq/SRR13105359_2_val_2.fq.gz


        (bwa mem -M -t 8 resource/referenceFiles/Homo_sapiens/GATK/GRCh38/Sequence/BWAIndex/Homo_sapiens_assembly38.fasta.64 data/raw_samples/trimmed_fastq/SRR13105359_2_val_2.fq.gz data/raw_samples/trimmed_fastq/SRR13105359_2_val_2.fq.gz > data/raw_samples/bam_files/SRR13105359.sam) 2> log/bwa_align/SRR13105359.log
        (picard SortSam -I data/raw_samples/bam_files/SRR13105359.sam -O data/raw_samples/aligned_fastq/SRR13105359.bam --TMP_DIR tmp/ -SO coordinate --CREATE_INDEX true) 2> log/bwa_align/SRR13105359.log
        rm data/raw_samples/bam_files/SRR13105359.sam
        

[Mon Jan 23 09:55:13 2023]
Job 75: [ALIGNING] paired samples for SRR13105384
Reason: Missing output files: data/raw_samples/aligned_fastq/SRR13105384.bam; Input files updated by another job: data/raw_samples/trimmed_fastq/SRR13105384_1_val_1.fq.gz, data/raw_samples/trimmed_fastq/SRR13105384_2_val_2.fq.gz


        (bwa mem -M -t 8 resource/referenceFiles/Homo_sapiens/GATK/GRCh38/Sequence/BWAIndex/Homo_sapiens_assembly38.fasta.64 data/raw_samples/trimmed_fastq/SRR13105384_2_val_2.fq.gz data/raw_samples/trimmed_fastq/SRR13105384_2_val_2.fq.gz > data/raw_samples/bam_files/SRR13105384.sam) 2> log/bwa_align/SRR13105384.log
        (picard SortSam -I data/raw_samples/bam_files/SRR13105384.sam -O data/raw_samples/aligned_fastq/SRR13105384.bam --TMP_DIR tmp/ -SO coordinate --CREATE_INDEX true) 2> log/bwa_align/SRR13105384.log
        rm data/raw_samples/bam_files/SRR13105384.sam
        

[Mon Jan 23 09:55:13 2023]
Job 130: [ALIGNING] single sample for SRR13105408
Reason: Missing output files: data/raw_samples/aligned_fastq/SRR13105408.bam; Input files updated by another job: data/raw_samples/trimmed_fastq/SRR13105408_trimmed.fq.gz


        (bwa mem -M -t 8 resource/referenceFiles/Homo_sapiens/GATK/GRCh38/Sequence/BWAIndex/Homo_sapiens_assembly38.fasta.64 data/raw_samples/trimmed_fastq/SRR13105408_trimmed.fq.gz > data/raw_samples/bam_files/SRR13105408.sam) 2> log/bwa_align/SRR13105408.log
        (picard SortSam -I data/raw_samples/bam_files/SRR13105408.sam -O data/raw_samples/aligned_fastq/SRR13105408.bam --TMP_DIR tmp/ -SO coordinate --CREATE_INDEX true) 2> log/bwa_align/SRR13105408.log
        rm data/raw_samples/bam_files/SRR13105408.sam
        

[Mon Jan 23 09:55:13 2023]
Job 100: [ALIGNING] single sample for SRR13105441
Reason: Missing output files: data/raw_samples/aligned_fastq/SRR13105441.bam; Input files updated by another job: data/raw_samples/trimmed_fastq/SRR13105441_trimmed.fq.gz


        (bwa mem -M -t 8 resource/referenceFiles/Homo_sapiens/GATK/GRCh38/Sequence/BWAIndex/Homo_sapiens_assembly38.fasta.64 data/raw_samples/trimmed_fastq/SRR13105441_trimmed.fq.gz > data/raw_samples/bam_files/SRR13105441.sam) 2> log/bwa_align/SRR13105441.log
        (picard SortSam -I data/raw_samples/bam_files/SRR13105441.sam -O data/raw_samples/aligned_fastq/SRR13105441.bam --TMP_DIR tmp/ -SO coordinate --CREATE_INDEX true) 2> log/bwa_align/SRR13105441.log
        rm data/raw_samples/bam_files/SRR13105441.sam
        

[Mon Jan 23 09:55:13 2023]
Job 85: [ALIGNING] single sample for SRR13105413
Reason: Missing output files: data/raw_samples/aligned_fastq/SRR13105413.bam; Input files updated by another job: data/raw_samples/trimmed_fastq/SRR13105413_trimmed.fq.gz


        (bwa mem -M -t 8 resource/referenceFiles/Homo_sapiens/GATK/GRCh38/Sequence/BWAIndex/Homo_sapiens_assembly38.fasta.64 data/raw_samples/trimmed_fastq/SRR13105413_trimmed.fq.gz > data/raw_samples/bam_files/SRR13105413.sam) 2> log/bwa_align/SRR13105413.log
        (picard SortSam -I data/raw_samples/bam_files/SRR13105413.sam -O data/raw_samples/aligned_fastq/SRR13105413.bam --TMP_DIR tmp/ -SO coordinate --CREATE_INDEX true) 2> log/bwa_align/SRR13105413.log
        rm data/raw_samples/bam_files/SRR13105413.sam
        

[Mon Jan 23 09:55:13 2023]
Job 145: [ALIGNING] single sample for SRR13105431
Reason: Missing output files: data/raw_samples/aligned_fastq/SRR13105431.bam; Input files updated by another job: data/raw_samples/trimmed_fastq/SRR13105431_trimmed.fq.gz


        (bwa mem -M -t 8 resource/referenceFiles/Homo_sapiens/GATK/GRCh38/Sequence/BWAIndex/Homo_sapiens_assembly38.fasta.64 data/raw_samples/trimmed_fastq/SRR13105431_trimmed.fq.gz > data/raw_samples/bam_files/SRR13105431.sam) 2> log/bwa_align/SRR13105431.log
        (picard SortSam -I data/raw_samples/bam_files/SRR13105431.sam -O data/raw_samples/aligned_fastq/SRR13105431.bam --TMP_DIR tmp/ -SO coordinate --CREATE_INDEX true) 2> log/bwa_align/SRR13105431.log
        rm data/raw_samples/bam_files/SRR13105431.sam
        

[Mon Jan 23 09:55:13 2023]
Job 108: [ALIGNING] single sample for SRR13105415
Reason: Missing output files: data/raw_samples/aligned_fastq/SRR13105415.bam; Input files updated by another job: data/raw_samples/trimmed_fastq/SRR13105415_trimmed.fq.gz


        (bwa mem -M -t 8 resource/referenceFiles/Homo_sapiens/GATK/GRCh38/Sequence/BWAIndex/Homo_sapiens_assembly38.fasta.64 data/raw_samples/trimmed_fastq/SRR13105415_trimmed.fq.gz > data/raw_samples/bam_files/SRR13105415.sam) 2> log/bwa_align/SRR13105415.log
        (picard SortSam -I data/raw_samples/bam_files/SRR13105415.sam -O data/raw_samples/aligned_fastq/SRR13105415.bam --TMP_DIR tmp/ -SO coordinate --CREATE_INDEX true) 2> log/bwa_align/SRR13105415.log
        rm data/raw_samples/bam_files/SRR13105415.sam
        

[Mon Jan 23 09:55:13 2023]
Job 138: [ALIGNING] single sample for SRR13105410
Reason: Missing output files: data/raw_samples/aligned_fastq/SRR13105410.bam; Input files updated by another job: data/raw_samples/trimmed_fastq/SRR13105410_trimmed.fq.gz


        (bwa mem -M -t 8 resource/referenceFiles/Homo_sapiens/GATK/GRCh38/Sequence/BWAIndex/Homo_sapiens_assembly38.fasta.64 data/raw_samples/trimmed_fastq/SRR13105410_trimmed.fq.gz > data/raw_samples/bam_files/SRR13105410.sam) 2> log/bwa_align/SRR13105410.log
        (picard SortSam -I data/raw_samples/bam_files/SRR13105410.sam -O data/raw_samples/aligned_fastq/SRR13105410.bam --TMP_DIR tmp/ -SO coordinate --CREATE_INDEX true) 2> log/bwa_align/SRR13105410.log
        rm data/raw_samples/bam_files/SRR13105410.sam
        

[Mon Jan 23 09:55:13 2023]
Job 123: [ALIGNING] single sample for SRR13105452
Reason: Missing output files: data/raw_samples/aligned_fastq/SRR13105452.bam; Input files updated by another job: data/raw_samples/trimmed_fastq/SRR13105452_trimmed.fq.gz


        (bwa mem -M -t 8 resource/referenceFiles/Homo_sapiens/GATK/GRCh38/Sequence/BWAIndex/Homo_sapiens_assembly38.fasta.64 data/raw_samples/trimmed_fastq/SRR13105452_trimmed.fq.gz > data/raw_samples/bam_files/SRR13105452.sam) 2> log/bwa_align/SRR13105452.log
        (picard SortSam -I data/raw_samples/bam_files/SRR13105452.sam -O data/raw_samples/aligned_fastq/SRR13105452.bam --TMP_DIR tmp/ -SO coordinate --CREATE_INDEX true) 2> log/bwa_align/SRR13105452.log
        rm data/raw_samples/bam_files/SRR13105452.sam
        

[Mon Jan 23 09:55:13 2023]
Job 93: [ALIGNING] single sample for SRR13105362
Reason: Missing output files: data/raw_samples/aligned_fastq/SRR13105362.bam; Input files updated by another job: data/raw_samples/trimmed_fastq/SRR13105362_trimmed.fq.gz


        (bwa mem -M -t 8 resource/referenceFiles/Homo_sapiens/GATK/GRCh38/Sequence/BWAIndex/Homo_sapiens_assembly38.fasta.64 data/raw_samples/trimmed_fastq/SRR13105362_trimmed.fq.gz > data/raw_samples/bam_files/SRR13105362.sam) 2> log/bwa_align/SRR13105362.log
        (picard SortSam -I data/raw_samples/bam_files/SRR13105362.sam -O data/raw_samples/aligned_fastq/SRR13105362.bam --TMP_DIR tmp/ -SO coordinate --CREATE_INDEX true) 2> log/bwa_align/SRR13105362.log
        rm data/raw_samples/bam_files/SRR13105362.sam
        

[Mon Jan 23 09:55:13 2023]
Job 86: [ALIGNING] single sample for SRR13105422
Reason: Missing output files: data/raw_samples/aligned_fastq/SRR13105422.bam; Input files updated by another job: data/raw_samples/trimmed_fastq/SRR13105422_trimmed.fq.gz


        (bwa mem -M -t 8 resource/referenceFiles/Homo_sapiens/GATK/GRCh38/Sequence/BWAIndex/Homo_sapiens_assembly38.fasta.64 data/raw_samples/trimmed_fastq/SRR13105422_trimmed.fq.gz > data/raw_samples/bam_files/SRR13105422.sam) 2> log/bwa_align/SRR13105422.log
        (picard SortSam -I data/raw_samples/bam_files/SRR13105422.sam -O data/raw_samples/aligned_fastq/SRR13105422.bam --TMP_DIR tmp/ -SO coordinate --CREATE_INDEX true) 2> log/bwa_align/SRR13105422.log
        rm data/raw_samples/bam_files/SRR13105422.sam
        

[Mon Jan 23 09:55:13 2023]
Job 146: [ALIGNING] single sample for SRR13105459
Reason: Missing output files: data/raw_samples/aligned_fastq/SRR13105459.bam; Input files updated by another job: data/raw_samples/trimmed_fastq/SRR13105459_trimmed.fq.gz


        (bwa mem -M -t 8 resource/referenceFiles/Homo_sapiens/GATK/GRCh38/Sequence/BWAIndex/Homo_sapiens_assembly38.fasta.64 data/raw_samples/trimmed_fastq/SRR13105459_trimmed.fq.gz > data/raw_samples/bam_files/SRR13105459.sam) 2> log/bwa_align/SRR13105459.log
        (picard SortSam -I data/raw_samples/bam_files/SRR13105459.sam -O data/raw_samples/aligned_fastq/SRR13105459.bam --TMP_DIR tmp/ -SO coordinate --CREATE_INDEX true) 2> log/bwa_align/SRR13105459.log
        rm data/raw_samples/bam_files/SRR13105459.sam
        

[Mon Jan 23 09:55:13 2023]
Job 101: [ALIGNING] single sample for SRR13105367
Reason: Missing output files: data/raw_samples/aligned_fastq/SRR13105367.bam; Input files updated by another job: data/raw_samples/trimmed_fastq/SRR13105367_trimmed.fq.gz


        (bwa mem -M -t 8 resource/referenceFiles/Homo_sapiens/GATK/GRCh38/Sequence/BWAIndex/Homo_sapiens_assembly38.fasta.64 data/raw_samples/trimmed_fastq/SRR13105367_trimmed.fq.gz > data/raw_samples/bam_files/SRR13105367.sam) 2> log/bwa_align/SRR13105367.log
        (picard SortSam -I data/raw_samples/bam_files/SRR13105367.sam -O data/raw_samples/aligned_fastq/SRR13105367.bam --TMP_DIR tmp/ -SO coordinate --CREATE_INDEX true) 2> log/bwa_align/SRR13105367.log
        rm data/raw_samples/bam_files/SRR13105367.sam
        

[Mon Jan 23 09:55:13 2023]
Job 131: [ALIGNING] single sample for SRR13105419
Reason: Missing output files: data/raw_samples/aligned_fastq/SRR13105419.bam; Input files updated by another job: data/raw_samples/trimmed_fastq/SRR13105419_trimmed.fq.gz


        (bwa mem -M -t 8 resource/referenceFiles/Homo_sapiens/GATK/GRCh38/Sequence/BWAIndex/Homo_sapiens_assembly38.fasta.64 data/raw_samples/trimmed_fastq/SRR13105419_trimmed.fq.gz > data/raw_samples/bam_files/SRR13105419.sam) 2> log/bwa_align/SRR13105419.log
        (picard SortSam -I data/raw_samples/bam_files/SRR13105419.sam -O data/raw_samples/aligned_fastq/SRR13105419.bam --TMP_DIR tmp/ -SO coordinate --CREATE_INDEX true) 2> log/bwa_align/SRR13105419.log
        rm data/raw_samples/bam_files/SRR13105419.sam
        

[Mon Jan 23 09:55:13 2023]
Job 116: [ALIGNING] single sample for SRR13105373
Reason: Missing output files: data/raw_samples/aligned_fastq/SRR13105373.bam; Input files updated by another job: data/raw_samples/trimmed_fastq/SRR13105373_trimmed.fq.gz


        (bwa mem -M -t 8 resource/referenceFiles/Homo_sapiens/GATK/GRCh38/Sequence/BWAIndex/Homo_sapiens_assembly38.fasta.64 data/raw_samples/trimmed_fastq/SRR13105373_trimmed.fq.gz > data/raw_samples/bam_files/SRR13105373.sam) 2> log/bwa_align/SRR13105373.log
        (picard SortSam -I data/raw_samples/bam_files/SRR13105373.sam -O data/raw_samples/aligned_fastq/SRR13105373.bam --TMP_DIR tmp/ -SO coordinate --CREATE_INDEX true) 2> log/bwa_align/SRR13105373.log
        rm data/raw_samples/bam_files/SRR13105373.sam
        

[Mon Jan 23 09:55:13 2023]
Job 139: [ALIGNING] single sample for SRR13105420
Reason: Missing output files: data/raw_samples/aligned_fastq/SRR13105420.bam; Input files updated by another job: data/raw_samples/trimmed_fastq/SRR13105420_trimmed.fq.gz


        (bwa mem -M -t 8 resource/referenceFiles/Homo_sapiens/GATK/GRCh38/Sequence/BWAIndex/Homo_sapiens_assembly38.fasta.64 data/raw_samples/trimmed_fastq/SRR13105420_trimmed.fq.gz > data/raw_samples/bam_files/SRR13105420.sam) 2> log/bwa_align/SRR13105420.log
        (picard SortSam -I data/raw_samples/bam_files/SRR13105420.sam -O data/raw_samples/aligned_fastq/SRR13105420.bam --TMP_DIR tmp/ -SO coordinate --CREATE_INDEX true) 2> log/bwa_align/SRR13105420.log
        rm data/raw_samples/bam_files/SRR13105420.sam
        

[Mon Jan 23 09:55:13 2023]
Job 81: [ALIGNING] paired samples for SRR13105360
Reason: Missing output files: data/raw_samples/aligned_fastq/SRR13105360.bam; Input files updated by another job: data/raw_samples/trimmed_fastq/SRR13105360_1_val_1.fq.gz, data/raw_samples/trimmed_fastq/SRR13105360_2_val_2.fq.gz


        (bwa mem -M -t 8 resource/referenceFiles/Homo_sapiens/GATK/GRCh38/Sequence/BWAIndex/Homo_sapiens_assembly38.fasta.64 data/raw_samples/trimmed_fastq/SRR13105360_2_val_2.fq.gz data/raw_samples/trimmed_fastq/SRR13105360_2_val_2.fq.gz > data/raw_samples/bam_files/SRR13105360.sam) 2> log/bwa_align/SRR13105360.log
        (picard SortSam -I data/raw_samples/bam_files/SRR13105360.sam -O data/raw_samples/aligned_fastq/SRR13105360.bam --TMP_DIR tmp/ -SO coordinate --CREATE_INDEX true) 2> log/bwa_align/SRR13105360.log
        rm data/raw_samples/bam_files/SRR13105360.sam
        

[Mon Jan 23 09:55:13 2023]
Job 94: [ALIGNING] single sample for SRR13105390
Reason: Missing output files: data/raw_samples/aligned_fastq/SRR13105390.bam; Input files updated by another job: data/raw_samples/trimmed_fastq/SRR13105390_trimmed.fq.gz


        (bwa mem -M -t 8 resource/referenceFiles/Homo_sapiens/GATK/GRCh38/Sequence/BWAIndex/Homo_sapiens_assembly38.fasta.64 data/raw_samples/trimmed_fastq/SRR13105390_trimmed.fq.gz > data/raw_samples/bam_files/SRR13105390.sam) 2> log/bwa_align/SRR13105390.log
        (picard SortSam -I data/raw_samples/bam_files/SRR13105390.sam -O data/raw_samples/aligned_fastq/SRR13105390.bam --TMP_DIR tmp/ -SO coordinate --CREATE_INDEX true) 2> log/bwa_align/SRR13105390.log
        rm data/raw_samples/bam_files/SRR13105390.sam
        

[Mon Jan 23 09:55:13 2023]
Job 109: [ALIGNING] single sample for SRR13105425
Reason: Missing output files: data/raw_samples/aligned_fastq/SRR13105425.bam; Input files updated by another job: data/raw_samples/trimmed_fastq/SRR13105425_trimmed.fq.gz


        (bwa mem -M -t 8 resource/referenceFiles/Homo_sapiens/GATK/GRCh38/Sequence/BWAIndex/Homo_sapiens_assembly38.fasta.64 data/raw_samples/trimmed_fastq/SRR13105425_trimmed.fq.gz > data/raw_samples/bam_files/SRR13105425.sam) 2> log/bwa_align/SRR13105425.log
        (picard SortSam -I data/raw_samples/bam_files/SRR13105425.sam -O data/raw_samples/aligned_fastq/SRR13105425.bam --TMP_DIR tmp/ -SO coordinate --CREATE_INDEX true) 2> log/bwa_align/SRR13105425.log
        rm data/raw_samples/bam_files/SRR13105425.sam
        

[Mon Jan 23 09:55:13 2023]
Job 76: [ALIGNING] paired samples for SRR13105433
Reason: Missing output files: data/raw_samples/aligned_fastq/SRR13105433.bam; Input files updated by another job: data/raw_samples/trimmed_fastq/SRR13105433_1_val_1.fq.gz, data/raw_samples/trimmed_fastq/SRR13105433_2_val_2.fq.gz


        (bwa mem -M -t 8 resource/referenceFiles/Homo_sapiens/GATK/GRCh38/Sequence/BWAIndex/Homo_sapiens_assembly38.fasta.64 data/raw_samples/trimmed_fastq/SRR13105433_2_val_2.fq.gz data/raw_samples/trimmed_fastq/SRR13105433_2_val_2.fq.gz > data/raw_samples/bam_files/SRR13105433.sam) 2> log/bwa_align/SRR13105433.log
        (picard SortSam -I data/raw_samples/bam_files/SRR13105433.sam -O data/raw_samples/aligned_fastq/SRR13105433.bam --TMP_DIR tmp/ -SO coordinate --CREATE_INDEX true) 2> log/bwa_align/SRR13105433.log
        rm data/raw_samples/bam_files/SRR13105433.sam
        

[Mon Jan 23 09:55:13 2023]
Job 124: [ALIGNING] single sample for SRR13105377
Reason: Missing output files: data/raw_samples/aligned_fastq/SRR13105377.bam; Input files updated by another job: data/raw_samples/trimmed_fastq/SRR13105377_trimmed.fq.gz


        (bwa mem -M -t 8 resource/referenceFiles/Homo_sapiens/GATK/GRCh38/Sequence/BWAIndex/Homo_sapiens_assembly38.fasta.64 data/raw_samples/trimmed_fastq/SRR13105377_trimmed.fq.gz > data/raw_samples/bam_files/SRR13105377.sam) 2> log/bwa_align/SRR13105377.log
        (picard SortSam -I data/raw_samples/bam_files/SRR13105377.sam -O data/raw_samples/aligned_fastq/SRR13105377.bam --TMP_DIR tmp/ -SO coordinate --CREATE_INDEX true) 2> log/bwa_align/SRR13105377.log
        rm data/raw_samples/bam_files/SRR13105377.sam
        

[Mon Jan 23 09:55:13 2023]
Job 117: [ALIGNING] single sample for SRR13105402
Reason: Missing output files: data/raw_samples/aligned_fastq/SRR13105402.bam; Input files updated by another job: data/raw_samples/trimmed_fastq/SRR13105402_trimmed.fq.gz


        (bwa mem -M -t 8 resource/referenceFiles/Homo_sapiens/GATK/GRCh38/Sequence/BWAIndex/Homo_sapiens_assembly38.fasta.64 data/raw_samples/trimmed_fastq/SRR13105402_trimmed.fq.gz > data/raw_samples/bam_files/SRR13105402.sam) 2> log/bwa_align/SRR13105402.log
        (picard SortSam -I data/raw_samples/bam_files/SRR13105402.sam -O data/raw_samples/aligned_fastq/SRR13105402.bam --TMP_DIR tmp/ -SO coordinate --CREATE_INDEX true) 2> log/bwa_align/SRR13105402.log
        rm data/raw_samples/bam_files/SRR13105402.sam
        

[Mon Jan 23 09:55:13 2023]
Job 87: [ALIGNING] single sample for SRR13105423
Reason: Missing output files: data/raw_samples/aligned_fastq/SRR13105423.bam; Input files updated by another job: data/raw_samples/trimmed_fastq/SRR13105423_trimmed.fq.gz


        (bwa mem -M -t 8 resource/referenceFiles/Homo_sapiens/GATK/GRCh38/Sequence/BWAIndex/Homo_sapiens_assembly38.fasta.64 data/raw_samples/trimmed_fastq/SRR13105423_trimmed.fq.gz > data/raw_samples/bam_files/SRR13105423.sam) 2> log/bwa_align/SRR13105423.log
        (picard SortSam -I data/raw_samples/bam_files/SRR13105423.sam -O data/raw_samples/aligned_fastq/SRR13105423.bam --TMP_DIR tmp/ -SO coordinate --CREATE_INDEX true) 2> log/bwa_align/SRR13105423.log
        rm data/raw_samples/bam_files/SRR13105423.sam
        

[Mon Jan 23 09:55:13 2023]
Job 102: [ALIGNING] single sample for SRR13105395
Reason: Missing output files: data/raw_samples/aligned_fastq/SRR13105395.bam; Input files updated by another job: data/raw_samples/trimmed_fastq/SRR13105395_trimmed.fq.gz


        (bwa mem -M -t 8 resource/referenceFiles/Homo_sapiens/GATK/GRCh38/Sequence/BWAIndex/Homo_sapiens_assembly38.fasta.64 data/raw_samples/trimmed_fastq/SRR13105395_trimmed.fq.gz > data/raw_samples/bam_files/SRR13105395.sam) 2> log/bwa_align/SRR13105395.log
        (picard SortSam -I data/raw_samples/bam_files/SRR13105395.sam -O data/raw_samples/aligned_fastq/SRR13105395.bam --TMP_DIR tmp/ -SO coordinate --CREATE_INDEX true) 2> log/bwa_align/SRR13105395.log
        rm data/raw_samples/bam_files/SRR13105395.sam
        

[Mon Jan 23 09:55:13 2023]
Job 132: [ALIGNING] single sample for SRR13105429
Reason: Missing output files: data/raw_samples/aligned_fastq/SRR13105429.bam; Input files updated by another job: data/raw_samples/trimmed_fastq/SRR13105429_trimmed.fq.gz


        (bwa mem -M -t 8 resource/referenceFiles/Homo_sapiens/GATK/GRCh38/Sequence/BWAIndex/Homo_sapiens_assembly38.fasta.64 data/raw_samples/trimmed_fastq/SRR13105429_trimmed.fq.gz > data/raw_samples/bam_files/SRR13105429.sam) 2> log/bwa_align/SRR13105429.log
        (picard SortSam -I data/raw_samples/bam_files/SRR13105429.sam -O data/raw_samples/aligned_fastq/SRR13105429.bam --TMP_DIR tmp/ -SO coordinate --CREATE_INDEX true) 2> log/bwa_align/SRR13105429.log
        rm data/raw_samples/bam_files/SRR13105429.sam
        

[Mon Jan 23 09:55:13 2023]
Job 110: [ALIGNING] single sample for SRR13105447
Reason: Missing output files: data/raw_samples/aligned_fastq/SRR13105447.bam; Input files updated by another job: data/raw_samples/trimmed_fastq/SRR13105447_trimmed.fq.gz


        (bwa mem -M -t 8 resource/referenceFiles/Homo_sapiens/GATK/GRCh38/Sequence/BWAIndex/Homo_sapiens_assembly38.fasta.64 data/raw_samples/trimmed_fastq/SRR13105447_trimmed.fq.gz > data/raw_samples/bam_files/SRR13105447.sam) 2> log/bwa_align/SRR13105447.log
        (picard SortSam -I data/raw_samples/bam_files/SRR13105447.sam -O data/raw_samples/aligned_fastq/SRR13105447.bam --TMP_DIR tmp/ -SO coordinate --CREATE_INDEX true) 2> log/bwa_align/SRR13105447.log
        rm data/raw_samples/bam_files/SRR13105447.sam
        

[Mon Jan 23 09:55:13 2023]
Job 140: [ALIGNING] single sample for SRR13105430
Reason: Missing output files: data/raw_samples/aligned_fastq/SRR13105430.bam; Input files updated by another job: data/raw_samples/trimmed_fastq/SRR13105430_trimmed.fq.gz


        (bwa mem -M -t 8 resource/referenceFiles/Homo_sapiens/GATK/GRCh38/Sequence/BWAIndex/Homo_sapiens_assembly38.fasta.64 data/raw_samples/trimmed_fastq/SRR13105430_trimmed.fq.gz > data/raw_samples/bam_files/SRR13105430.sam) 2> log/bwa_align/SRR13105430.log
        (picard SortSam -I data/raw_samples/bam_files/SRR13105430.sam -O data/raw_samples/aligned_fastq/SRR13105430.bam --TMP_DIR tmp/ -SO coordinate --CREATE_INDEX true) 2> log/bwa_align/SRR13105430.log
        rm data/raw_samples/bam_files/SRR13105430.sam
        

[Mon Jan 23 09:55:13 2023]
Job 125: [ALIGNING] single sample for SRR13105406
Reason: Missing output files: data/raw_samples/aligned_fastq/SRR13105406.bam; Input files updated by another job: data/raw_samples/trimmed_fastq/SRR13105406_trimmed.fq.gz


        (bwa mem -M -t 8 resource/referenceFiles/Homo_sapiens/GATK/GRCh38/Sequence/BWAIndex/Homo_sapiens_assembly38.fasta.64 data/raw_samples/trimmed_fastq/SRR13105406_trimmed.fq.gz > data/raw_samples/bam_files/SRR13105406.sam) 2> log/bwa_align/SRR13105406.log
        (picard SortSam -I data/raw_samples/bam_files/SRR13105406.sam -O data/raw_samples/aligned_fastq/SRR13105406.bam --TMP_DIR tmp/ -SO coordinate --CREATE_INDEX true) 2> log/bwa_align/SRR13105406.log
        rm data/raw_samples/bam_files/SRR13105406.sam
        

[Mon Jan 23 09:55:13 2023]
Job 95: [ALIGNING] single sample for SRR13105439
Reason: Missing output files: data/raw_samples/aligned_fastq/SRR13105439.bam; Input files updated by another job: data/raw_samples/trimmed_fastq/SRR13105439_trimmed.fq.gz


        (bwa mem -M -t 8 resource/referenceFiles/Homo_sapiens/GATK/GRCh38/Sequence/BWAIndex/Homo_sapiens_assembly38.fasta.64 data/raw_samples/trimmed_fastq/SRR13105439_trimmed.fq.gz > data/raw_samples/bam_files/SRR13105439.sam) 2> log/bwa_align/SRR13105439.log
        (picard SortSam -I data/raw_samples/bam_files/SRR13105439.sam -O data/raw_samples/aligned_fastq/SRR13105439.bam --TMP_DIR tmp/ -SO coordinate --CREATE_INDEX true) 2> log/bwa_align/SRR13105439.log
        rm data/raw_samples/bam_files/SRR13105439.sam
        

[Mon Jan 23 09:55:13 2023]
Job 118: [ALIGNING] single sample for SRR13105450
Reason: Missing output files: data/raw_samples/aligned_fastq/SRR13105450.bam; Input files updated by another job: data/raw_samples/trimmed_fastq/SRR13105450_trimmed.fq.gz


        (bwa mem -M -t 8 resource/referenceFiles/Homo_sapiens/GATK/GRCh38/Sequence/BWAIndex/Homo_sapiens_assembly38.fasta.64 data/raw_samples/trimmed_fastq/SRR13105450_trimmed.fq.gz > data/raw_samples/bam_files/SRR13105450.sam) 2> log/bwa_align/SRR13105450.log
        (picard SortSam -I data/raw_samples/bam_files/SRR13105450.sam -O data/raw_samples/aligned_fastq/SRR13105450.bam --TMP_DIR tmp/ -SO coordinate --CREATE_INDEX true) 2> log/bwa_align/SRR13105450.log
        rm data/raw_samples/bam_files/SRR13105450.sam
        

[Mon Jan 23 09:55:13 2023]
Job 88: [ALIGNING] single sample for SRR13105435
Reason: Missing output files: data/raw_samples/aligned_fastq/SRR13105435.bam; Input files updated by another job: data/raw_samples/trimmed_fastq/SRR13105435_trimmed.fq.gz


        (bwa mem -M -t 8 resource/referenceFiles/Homo_sapiens/GATK/GRCh38/Sequence/BWAIndex/Homo_sapiens_assembly38.fasta.64 data/raw_samples/trimmed_fastq/SRR13105435_trimmed.fq.gz > data/raw_samples/bam_files/SRR13105435.sam) 2> log/bwa_align/SRR13105435.log
        (picard SortSam -I data/raw_samples/bam_files/SRR13105435.sam -O data/raw_samples/aligned_fastq/SRR13105435.bam --TMP_DIR tmp/ -SO coordinate --CREATE_INDEX true) 2> log/bwa_align/SRR13105435.log
        rm data/raw_samples/bam_files/SRR13105435.sam
        

[Mon Jan 23 09:55:13 2023]
Job 103: [ALIGNING] single sample for SRR13105444
Reason: Missing output files: data/raw_samples/aligned_fastq/SRR13105444.bam; Input files updated by another job: data/raw_samples/trimmed_fastq/SRR13105444_trimmed.fq.gz


        (bwa mem -M -t 8 resource/referenceFiles/Homo_sapiens/GATK/GRCh38/Sequence/BWAIndex/Homo_sapiens_assembly38.fasta.64 data/raw_samples/trimmed_fastq/SRR13105444_trimmed.fq.gz > data/raw_samples/bam_files/SRR13105444.sam) 2> log/bwa_align/SRR13105444.log
        (picard SortSam -I data/raw_samples/bam_files/SRR13105444.sam -O data/raw_samples/aligned_fastq/SRR13105444.bam --TMP_DIR tmp/ -SO coordinate --CREATE_INDEX true) 2> log/bwa_align/SRR13105444.log
        rm data/raw_samples/bam_files/SRR13105444.sam
        

[Mon Jan 23 09:55:13 2023]
Job 133: [ALIGNING] single sample for SRR13105456
Reason: Missing output files: data/raw_samples/aligned_fastq/SRR13105456.bam; Input files updated by another job: data/raw_samples/trimmed_fastq/SRR13105456_trimmed.fq.gz


        (bwa mem -M -t 8 resource/referenceFiles/Homo_sapiens/GATK/GRCh38/Sequence/BWAIndex/Homo_sapiens_assembly38.fasta.64 data/raw_samples/trimmed_fastq/SRR13105456_trimmed.fq.gz > data/raw_samples/bam_files/SRR13105456.sam) 2> log/bwa_align/SRR13105456.log
        (picard SortSam -I data/raw_samples/bam_files/SRR13105456.sam -O data/raw_samples/aligned_fastq/SRR13105456.bam --TMP_DIR tmp/ -SO coordinate --CREATE_INDEX true) 2> log/bwa_align/SRR13105456.log
        rm data/raw_samples/bam_files/SRR13105456.sam
        

[Mon Jan 23 09:55:13 2023]
Job 77: [ALIGNING] paired samples for SRR13105358
Reason: Missing output files: data/raw_samples/aligned_fastq/SRR13105358.bam; Input files updated by another job: data/raw_samples/trimmed_fastq/SRR13105358_2_val_2.fq.gz, data/raw_samples/trimmed_fastq/SRR13105358_1_val_1.fq.gz


        (bwa mem -M -t 8 resource/referenceFiles/Homo_sapiens/GATK/GRCh38/Sequence/BWAIndex/Homo_sapiens_assembly38.fasta.64 data/raw_samples/trimmed_fastq/SRR13105358_2_val_2.fq.gz data/raw_samples/trimmed_fastq/SRR13105358_2_val_2.fq.gz > data/raw_samples/bam_files/SRR13105358.sam) 2> log/bwa_align/SRR13105358.log
        (picard SortSam -I data/raw_samples/bam_files/SRR13105358.sam -O data/raw_samples/aligned_fastq/SRR13105358.bam --TMP_DIR tmp/ -SO coordinate --CREATE_INDEX true) 2> log/bwa_align/SRR13105358.log
        rm data/raw_samples/bam_files/SRR13105358.sam
        

[Mon Jan 23 09:55:13 2023]
Job 82: [ALIGNING] paired samples for SRR13105386
Reason: Missing output files: data/raw_samples/aligned_fastq/SRR13105386.bam; Input files updated by another job: data/raw_samples/trimmed_fastq/SRR13105386_2_val_2.fq.gz, data/raw_samples/trimmed_fastq/SRR13105386_1_val_1.fq.gz


        (bwa mem -M -t 8 resource/referenceFiles/Homo_sapiens/GATK/GRCh38/Sequence/BWAIndex/Homo_sapiens_assembly38.fasta.64 data/raw_samples/trimmed_fastq/SRR13105386_2_val_2.fq.gz data/raw_samples/trimmed_fastq/SRR13105386_2_val_2.fq.gz > data/raw_samples/bam_files/SRR13105386.sam) 2> log/bwa_align/SRR13105386.log
        (picard SortSam -I data/raw_samples/bam_files/SRR13105386.sam -O data/raw_samples/aligned_fastq/SRR13105386.bam --TMP_DIR tmp/ -SO coordinate --CREATE_INDEX true) 2> log/bwa_align/SRR13105386.log
        rm data/raw_samples/bam_files/SRR13105386.sam
        

[Mon Jan 23 09:55:13 2023]
Job 111: [ALIGNING] single sample for SRR13105371
Reason: Missing output files: data/raw_samples/aligned_fastq/SRR13105371.bam; Input files updated by another job: data/raw_samples/trimmed_fastq/SRR13105371_trimmed.fq.gz


        (bwa mem -M -t 8 resource/referenceFiles/Homo_sapiens/GATK/GRCh38/Sequence/BWAIndex/Homo_sapiens_assembly38.fasta.64 data/raw_samples/trimmed_fastq/SRR13105371_trimmed.fq.gz > data/raw_samples/bam_files/SRR13105371.sam) 2> log/bwa_align/SRR13105371.log
        (picard SortSam -I data/raw_samples/bam_files/SRR13105371.sam -O data/raw_samples/aligned_fastq/SRR13105371.bam --TMP_DIR tmp/ -SO coordinate --CREATE_INDEX true) 2> log/bwa_align/SRR13105371.log
        rm data/raw_samples/bam_files/SRR13105371.sam
        

[Mon Jan 23 09:55:13 2023]
Job 141: [ALIGNING] single sample for SRR13105458
Reason: Missing output files: data/raw_samples/aligned_fastq/SRR13105458.bam; Input files updated by another job: data/raw_samples/trimmed_fastq/SRR13105458_trimmed.fq.gz


        (bwa mem -M -t 8 resource/referenceFiles/Homo_sapiens/GATK/GRCh38/Sequence/BWAIndex/Homo_sapiens_assembly38.fasta.64 data/raw_samples/trimmed_fastq/SRR13105458_trimmed.fq.gz > data/raw_samples/bam_files/SRR13105458.sam) 2> log/bwa_align/SRR13105458.log
        (picard SortSam -I data/raw_samples/bam_files/SRR13105458.sam -O data/raw_samples/aligned_fastq/SRR13105458.bam --TMP_DIR tmp/ -SO coordinate --CREATE_INDEX true) 2> log/bwa_align/SRR13105458.log
        rm data/raw_samples/bam_files/SRR13105458.sam
        

[Mon Jan 23 09:55:13 2023]
Job 126: [ALIGNING] single sample for SRR13105418
Reason: Missing output files: data/raw_samples/aligned_fastq/SRR13105418.bam; Input files updated by another job: data/raw_samples/trimmed_fastq/SRR13105418_trimmed.fq.gz


        (bwa mem -M -t 8 resource/referenceFiles/Homo_sapiens/GATK/GRCh38/Sequence/BWAIndex/Homo_sapiens_assembly38.fasta.64 data/raw_samples/trimmed_fastq/SRR13105418_trimmed.fq.gz > data/raw_samples/bam_files/SRR13105418.sam) 2> log/bwa_align/SRR13105418.log
        (picard SortSam -I data/raw_samples/bam_files/SRR13105418.sam -O data/raw_samples/aligned_fastq/SRR13105418.bam --TMP_DIR tmp/ -SO coordinate --CREATE_INDEX true) 2> log/bwa_align/SRR13105418.log
        rm data/raw_samples/bam_files/SRR13105418.sam
        

[Mon Jan 23 09:55:13 2023]
Job 96: [ALIGNING] single sample for SRR13105364
Reason: Missing output files: data/raw_samples/aligned_fastq/SRR13105364.bam; Input files updated by another job: data/raw_samples/trimmed_fastq/SRR13105364_trimmed.fq.gz


        (bwa mem -M -t 8 resource/referenceFiles/Homo_sapiens/GATK/GRCh38/Sequence/BWAIndex/Homo_sapiens_assembly38.fasta.64 data/raw_samples/trimmed_fastq/SRR13105364_trimmed.fq.gz > data/raw_samples/bam_files/SRR13105364.sam) 2> log/bwa_align/SRR13105364.log
        (picard SortSam -I data/raw_samples/bam_files/SRR13105364.sam -O data/raw_samples/aligned_fastq/SRR13105364.bam --TMP_DIR tmp/ -SO coordinate --CREATE_INDEX true) 2> log/bwa_align/SRR13105364.log
        rm data/raw_samples/bam_files/SRR13105364.sam
        

[Mon Jan 23 09:55:13 2023]
Job 89: [ALIGNING] single sample for SRR13105436
Reason: Missing output files: data/raw_samples/aligned_fastq/SRR13105436.bam; Input files updated by another job: data/raw_samples/trimmed_fastq/SRR13105436_trimmed.fq.gz


        (bwa mem -M -t 8 resource/referenceFiles/Homo_sapiens/GATK/GRCh38/Sequence/BWAIndex/Homo_sapiens_assembly38.fasta.64 data/raw_samples/trimmed_fastq/SRR13105436_trimmed.fq.gz > data/raw_samples/bam_files/SRR13105436.sam) 2> log/bwa_align/SRR13105436.log
        (picard SortSam -I data/raw_samples/bam_files/SRR13105436.sam -O data/raw_samples/aligned_fastq/SRR13105436.bam --TMP_DIR tmp/ -SO coordinate --CREATE_INDEX true) 2> log/bwa_align/SRR13105436.log
        rm data/raw_samples/bam_files/SRR13105436.sam
        

[Mon Jan 23 09:55:13 2023]
Job 119: [ALIGNING] single sample for SRR13105375
Reason: Missing output files: data/raw_samples/aligned_fastq/SRR13105375.bam; Input files updated by another job: data/raw_samples/trimmed_fastq/SRR13105375_trimmed.fq.gz


        (bwa mem -M -t 8 resource/referenceFiles/Homo_sapiens/GATK/GRCh38/Sequence/BWAIndex/Homo_sapiens_assembly38.fasta.64 data/raw_samples/trimmed_fastq/SRR13105375_trimmed.fq.gz > data/raw_samples/bam_files/SRR13105375.sam) 2> log/bwa_align/SRR13105375.log
        (picard SortSam -I data/raw_samples/bam_files/SRR13105375.sam -O data/raw_samples/aligned_fastq/SRR13105375.bam --TMP_DIR tmp/ -SO coordinate --CREATE_INDEX true) 2> log/bwa_align/SRR13105375.log
        rm data/raw_samples/bam_files/SRR13105375.sam
        

[Mon Jan 23 09:55:13 2023]
Job 104: [ALIGNING] single sample for SRR13105397
Reason: Missing output files: data/raw_samples/aligned_fastq/SRR13105397.bam; Input files updated by another job: data/raw_samples/trimmed_fastq/SRR13105397_trimmed.fq.gz


        (bwa mem -M -t 8 resource/referenceFiles/Homo_sapiens/GATK/GRCh38/Sequence/BWAIndex/Homo_sapiens_assembly38.fasta.64 data/raw_samples/trimmed_fastq/SRR13105397_trimmed.fq.gz > data/raw_samples/bam_files/SRR13105397.sam) 2> log/bwa_align/SRR13105397.log
        (picard SortSam -I data/raw_samples/bam_files/SRR13105397.sam -O data/raw_samples/aligned_fastq/SRR13105397.bam --TMP_DIR tmp/ -SO coordinate --CREATE_INDEX true) 2> log/bwa_align/SRR13105397.log
        rm data/raw_samples/bam_files/SRR13105397.sam
        

[Mon Jan 23 09:55:13 2023]
Job 134: [ALIGNING] single sample for SRR13105380
Reason: Missing output files: data/raw_samples/aligned_fastq/SRR13105380.bam; Input files updated by another job: data/raw_samples/trimmed_fastq/SRR13105380_trimmed.fq.gz


        (bwa mem -M -t 8 resource/referenceFiles/Homo_sapiens/GATK/GRCh38/Sequence/BWAIndex/Homo_sapiens_assembly38.fasta.64 data/raw_samples/trimmed_fastq/SRR13105380_trimmed.fq.gz > data/raw_samples/bam_files/SRR13105380.sam) 2> log/bwa_align/SRR13105380.log
        (picard SortSam -I data/raw_samples/bam_files/SRR13105380.sam -O data/raw_samples/aligned_fastq/SRR13105380.bam --TMP_DIR tmp/ -SO coordinate --CREATE_INDEX true) 2> log/bwa_align/SRR13105380.log
        rm data/raw_samples/bam_files/SRR13105380.sam
        

[Mon Jan 23 09:55:13 2023]
Job 112: [ALIGNING] single sample for SRR13105400
Reason: Missing output files: data/raw_samples/aligned_fastq/SRR13105400.bam; Input files updated by another job: data/raw_samples/trimmed_fastq/SRR13105400_trimmed.fq.gz


        (bwa mem -M -t 8 resource/referenceFiles/Homo_sapiens/GATK/GRCh38/Sequence/BWAIndex/Homo_sapiens_assembly38.fasta.64 data/raw_samples/trimmed_fastq/SRR13105400_trimmed.fq.gz > data/raw_samples/bam_files/SRR13105400.sam) 2> log/bwa_align/SRR13105400.log
        (picard SortSam -I data/raw_samples/bam_files/SRR13105400.sam -O data/raw_samples/aligned_fastq/SRR13105400.bam --TMP_DIR tmp/ -SO coordinate --CREATE_INDEX true) 2> log/bwa_align/SRR13105400.log
        rm data/raw_samples/bam_files/SRR13105400.sam
        

[Mon Jan 23 09:55:13 2023]
Job 78: [ALIGNING] paired samples for SRR13105385
Reason: Missing output files: data/raw_samples/aligned_fastq/SRR13105385.bam; Input files updated by another job: data/raw_samples/trimmed_fastq/SRR13105385_1_val_1.fq.gz, data/raw_samples/trimmed_fastq/SRR13105385_2_val_2.fq.gz


        (bwa mem -M -t 8 resource/referenceFiles/Homo_sapiens/GATK/GRCh38/Sequence/BWAIndex/Homo_sapiens_assembly38.fasta.64 data/raw_samples/trimmed_fastq/SRR13105385_2_val_2.fq.gz data/raw_samples/trimmed_fastq/SRR13105385_2_val_2.fq.gz > data/raw_samples/bam_files/SRR13105385.sam) 2> log/bwa_align/SRR13105385.log
        (picard SortSam -I data/raw_samples/bam_files/SRR13105385.sam -O data/raw_samples/aligned_fastq/SRR13105385.bam --TMP_DIR tmp/ -SO coordinate --CREATE_INDEX true) 2> log/bwa_align/SRR13105385.log
        rm data/raw_samples/bam_files/SRR13105385.sam
        

[Mon Jan 23 09:55:13 2023]
Job 127: [ALIGNING] single sample for SRR13105428
Reason: Missing output files: data/raw_samples/aligned_fastq/SRR13105428.bam; Input files updated by another job: data/raw_samples/trimmed_fastq/SRR13105428_trimmed.fq.gz


        (bwa mem -M -t 8 resource/referenceFiles/Homo_sapiens/GATK/GRCh38/Sequence/BWAIndex/Homo_sapiens_assembly38.fasta.64 data/raw_samples/trimmed_fastq/SRR13105428_trimmed.fq.gz > data/raw_samples/bam_files/SRR13105428.sam) 2> log/bwa_align/SRR13105428.log
        (picard SortSam -I data/raw_samples/bam_files/SRR13105428.sam -O data/raw_samples/aligned_fastq/SRR13105428.bam --TMP_DIR tmp/ -SO coordinate --CREATE_INDEX true) 2> log/bwa_align/SRR13105428.log
        rm data/raw_samples/bam_files/SRR13105428.sam
        

[Mon Jan 23 09:55:13 2023]
Job 97: [ALIGNING] single sample for SRR13105392
Reason: Missing output files: data/raw_samples/aligned_fastq/SRR13105392.bam; Input files updated by another job: data/raw_samples/trimmed_fastq/SRR13105392_trimmed.fq.gz


        (bwa mem -M -t 8 resource/referenceFiles/Homo_sapiens/GATK/GRCh38/Sequence/BWAIndex/Homo_sapiens_assembly38.fasta.64 data/raw_samples/trimmed_fastq/SRR13105392_trimmed.fq.gz > data/raw_samples/bam_files/SRR13105392.sam) 2> log/bwa_align/SRR13105392.log
        (picard SortSam -I data/raw_samples/bam_files/SRR13105392.sam -O data/raw_samples/aligned_fastq/SRR13105392.bam --TMP_DIR tmp/ -SO coordinate --CREATE_INDEX true) 2> log/bwa_align/SRR13105392.log
        rm data/raw_samples/bam_files/SRR13105392.sam
        

[Mon Jan 23 09:55:13 2023]
Job 142: [ALIGNING] single sample for SRR13105382
Reason: Missing output files: data/raw_samples/aligned_fastq/SRR13105382.bam; Input files updated by another job: data/raw_samples/trimmed_fastq/SRR13105382_trimmed.fq.gz


        (bwa mem -M -t 8 resource/referenceFiles/Homo_sapiens/GATK/GRCh38/Sequence/BWAIndex/Homo_sapiens_assembly38.fasta.64 data/raw_samples/trimmed_fastq/SRR13105382_trimmed.fq.gz > data/raw_samples/bam_files/SRR13105382.sam) 2> log/bwa_align/SRR13105382.log
        (picard SortSam -I data/raw_samples/bam_files/SRR13105382.sam -O data/raw_samples/aligned_fastq/SRR13105382.bam --TMP_DIR tmp/ -SO coordinate --CREATE_INDEX true) 2> log/bwa_align/SRR13105382.log
        rm data/raw_samples/bam_files/SRR13105382.sam
        

[Mon Jan 23 09:55:13 2023]
Job 83: [ALIGNING] paired samples for SRR13105387
Reason: Missing output files: data/raw_samples/aligned_fastq/SRR13105387.bam; Input files updated by another job: data/raw_samples/trimmed_fastq/SRR13105387_2_val_2.fq.gz, data/raw_samples/trimmed_fastq/SRR13105387_1_val_1.fq.gz


        (bwa mem -M -t 8 resource/referenceFiles/Homo_sapiens/GATK/GRCh38/Sequence/BWAIndex/Homo_sapiens_assembly38.fasta.64 data/raw_samples/trimmed_fastq/SRR13105387_2_val_2.fq.gz data/raw_samples/trimmed_fastq/SRR13105387_2_val_2.fq.gz > data/raw_samples/bam_files/SRR13105387.sam) 2> log/bwa_align/SRR13105387.log
        (picard SortSam -I data/raw_samples/bam_files/SRR13105387.sam -O data/raw_samples/aligned_fastq/SRR13105387.bam --TMP_DIR tmp/ -SO coordinate --CREATE_INDEX true) 2> log/bwa_align/SRR13105387.log
        rm data/raw_samples/bam_files/SRR13105387.sam
        

[Mon Jan 23 09:55:13 2023]
Job 120: [ALIGNING] single sample for SRR13105404
Reason: Missing output files: data/raw_samples/aligned_fastq/SRR13105404.bam; Input files updated by another job: data/raw_samples/trimmed_fastq/SRR13105404_trimmed.fq.gz


        (bwa mem -M -t 8 resource/referenceFiles/Homo_sapiens/GATK/GRCh38/Sequence/BWAIndex/Homo_sapiens_assembly38.fasta.64 data/raw_samples/trimmed_fastq/SRR13105404_trimmed.fq.gz > data/raw_samples/bam_files/SRR13105404.sam) 2> log/bwa_align/SRR13105404.log
        (picard SortSam -I data/raw_samples/bam_files/SRR13105404.sam -O data/raw_samples/aligned_fastq/SRR13105404.bam --TMP_DIR tmp/ -SO coordinate --CREATE_INDEX true) 2> log/bwa_align/SRR13105404.log
        rm data/raw_samples/bam_files/SRR13105404.sam
        

[Mon Jan 23 09:55:13 2023]
Job 90: [ALIGNING] single sample for SRR13105361
Reason: Missing output files: data/raw_samples/aligned_fastq/SRR13105361.bam; Input files updated by another job: data/raw_samples/trimmed_fastq/SRR13105361_trimmed.fq.gz


        (bwa mem -M -t 8 resource/referenceFiles/Homo_sapiens/GATK/GRCh38/Sequence/BWAIndex/Homo_sapiens_assembly38.fasta.64 data/raw_samples/trimmed_fastq/SRR13105361_trimmed.fq.gz > data/raw_samples/bam_files/SRR13105361.sam) 2> log/bwa_align/SRR13105361.log
        (picard SortSam -I data/raw_samples/bam_files/SRR13105361.sam -O data/raw_samples/aligned_fastq/SRR13105361.bam --TMP_DIR tmp/ -SO coordinate --CREATE_INDEX true) 2> log/bwa_align/SRR13105361.log
        rm data/raw_samples/bam_files/SRR13105361.sam
        

[Mon Jan 23 09:55:13 2023]
Job 105: [ALIGNING] single sample for SRR13105446
Reason: Missing output files: data/raw_samples/aligned_fastq/SRR13105446.bam; Input files updated by another job: data/raw_samples/trimmed_fastq/SRR13105446_trimmed.fq.gz


        (bwa mem -M -t 8 resource/referenceFiles/Homo_sapiens/GATK/GRCh38/Sequence/BWAIndex/Homo_sapiens_assembly38.fasta.64 data/raw_samples/trimmed_fastq/SRR13105446_trimmed.fq.gz > data/raw_samples/bam_files/SRR13105446.sam) 2> log/bwa_align/SRR13105446.log
        (picard SortSam -I data/raw_samples/bam_files/SRR13105446.sam -O data/raw_samples/aligned_fastq/SRR13105446.bam --TMP_DIR tmp/ -SO coordinate --CREATE_INDEX true) 2> log/bwa_align/SRR13105446.log
        rm data/raw_samples/bam_files/SRR13105446.sam
        

[Mon Jan 23 09:55:13 2023]
Job 135: [ALIGNING] single sample for SRR13105409
Reason: Missing output files: data/raw_samples/aligned_fastq/SRR13105409.bam; Input files updated by another job: data/raw_samples/trimmed_fastq/SRR13105409_trimmed.fq.gz


        (bwa mem -M -t 8 resource/referenceFiles/Homo_sapiens/GATK/GRCh38/Sequence/BWAIndex/Homo_sapiens_assembly38.fasta.64 data/raw_samples/trimmed_fastq/SRR13105409_trimmed.fq.gz > data/raw_samples/bam_files/SRR13105409.sam) 2> log/bwa_align/SRR13105409.log
        (picard SortSam -I data/raw_samples/bam_files/SRR13105409.sam -O data/raw_samples/aligned_fastq/SRR13105409.bam --TMP_DIR tmp/ -SO coordinate --CREATE_INDEX true) 2> log/bwa_align/SRR13105409.log
        rm data/raw_samples/bam_files/SRR13105409.sam
        

[Mon Jan 23 09:55:13 2023]
Job 155: [MERGING & RECALIBRATING] LuCaP_49
Reason: Missing output files: data/raw_samples/merged_bam/LuCaP_49.bam, data/raw_samples/recalibrated_bam/LuCaP_49.bam, data/raw_samples/deduplicated_bam/LuCaP_49.bam; Input files updated by another job: data/raw_samples/aligned_fastq/SRR13105447.bam, data/raw_samples/aligned_fastq/SRR13105415.bam, data/raw_samples/aligned_fastq/SRR13105399.bam, data/raw_samples/aligned_fastq/SRR13105425.bam, data/raw_samples/aligned_fastq/SRR13105370.bam


        (picard MergeSamFiles -I data/raw_samples/aligned_fastq/SRR13105370.bam -I data/raw_samples/aligned_fastq/SRR13105399.bam -I data/raw_samples/aligned_fastq/SRR13105415.bam -I data/raw_samples/aligned_fastq/SRR13105425.bam -I data/raw_samples/aligned_fastq/SRR13105447.bam -O data/raw_samples/merged_bam/LuCaP_49_norg.bam --TMP_DIR tmp/ --CREATE_INDEX false) 2> log/merge_and_recalibrate/LuCaP_49_merge.log

        (picard AddOrReplaceReadGroups -I data/raw_samples/merged_bam/LuCaP_49_norg.bam --RGID 9 --RGLB lib9 --RGSM LuCaP_49 --RGPL ILLUMINA --RGPU D00608:9:CB6LRANXX:109 -O data/raw_samples/merged_bam/LuCaP_49.bam --TMP_DIR tmp/ --CREATE_INDEX true) 2> log/merge_and_recalibrate/LuCaP_49_replace_rg.log

        (gatk MarkDuplicates -I data/raw_samples/merged_bam/LuCaP_49.bam -O data/raw_samples/deduplicated_bam/LuCaP_49.bam -M data/raw_samples/deduplicated_bam/LuCaP_49_dedup_metrics.txt --CREATE_INDEX true --TMP_DIR tmp/) 2> log/merge_and_recalibrate/LuCaP_49_mark_dups.log

        (gatk BaseRecalibrator -I data/raw_samples/deduplicated_bam/LuCaP_49.bam -R resource/Homo_sapiens_assembly38.fasta -O data/raw_samples/deduplicated_bam/LuCaP_49_recal_data.table --tmp-dir tmp/ --known-sites resource/1000G_omni2.5.hg38_chrRenamed.vcf.gz --known-sites resource/dbsnp_138.hg38_chrRenamed.vcf.gz --known-sites resource/1000G_phase1.snps.high_confidence.hg38_chrRenamed.vcf.gz --known-sites resource/dbsnp_144.hg38_chrRenamed.vcf.gz --known-sites resource/hapmap_3.3.hg38_chrRenamed.vcf.gz --known-sites resource/Axiom_Exome_Plus.genotypes.all_populations.poly.hg38_chrRenamed.vcf.gz --known-sites resource/dbsnp_146.hg38_chrRenamed.vcf.gz --known-sites resource/Mills_and_1000G_gold_standard.indels.hg38_chrRenamed.vcf.gz --known-sites resource/hapmap_3.3_grch38_pop_stratified_af_chrRenamed.vcf.gz) 2> log/merge_and_recalibrate/LuCaP_49_base_recalibrate.log

        (gatk ApplyBQSR -R resource/Homo_sapiens_assembly38.fasta -I data/raw_samples/deduplicated_bam/LuCaP_49.bam -bqsr data/raw_samples/deduplicated_bam/LuCaP_49_recal_data.table -O data/raw_samples/recalibrated_bam/LuCaP_49.bam --tmp-dir tmp/ && samtools index data/raw_samples/recalibrated_bam/LuCaP_49.bam) 2> log/merge_and_recalibrate/LuCaP_49_apply_recab.log

        rm data/raw_samples/merged_bam/LuCaP_49_norg.bam
        

[Mon Jan 23 09:55:13 2023]
Job 159: [MERGING & RECALIBRATING] LuCaP_78
Reason: Missing output files: data/raw_samples/merged_bam/LuCaP_78.bam, data/raw_samples/deduplicated_bam/LuCaP_78.bam, data/raw_samples/recalibrated_bam/LuCaP_78.bam; Input files updated by another job: data/raw_samples/aligned_fastq/SRR13105377.bam, data/raw_samples/aligned_fastq/SRR13105406.bam, data/raw_samples/aligned_fastq/SRR13105428.bam, data/raw_samples/aligned_fastq/SRR13105454.bam, data/raw_samples/aligned_fastq/SRR13105418.bam


        (picard MergeSamFiles -I data/raw_samples/aligned_fastq/SRR13105377.bam -I data/raw_samples/aligned_fastq/SRR13105406.bam -I data/raw_samples/aligned_fastq/SRR13105418.bam -I data/raw_samples/aligned_fastq/SRR13105428.bam -I data/raw_samples/aligned_fastq/SRR13105454.bam -O data/raw_samples/merged_bam/LuCaP_78_norg.bam --TMP_DIR tmp/ --CREATE_INDEX false) 2> log/merge_and_recalibrate/LuCaP_78_merge.log

        (picard AddOrReplaceReadGroups -I data/raw_samples/merged_bam/LuCaP_78_norg.bam --RGID 13 --RGLB lib13 --RGSM LuCaP_78 --RGPL ILLUMINA --RGPU D00608:13:CB6LRANXX:113 -O data/raw_samples/merged_bam/LuCaP_78.bam --TMP_DIR tmp/ --CREATE_INDEX true) 2> log/merge_and_recalibrate/LuCaP_78_replace_rg.log

        (gatk MarkDuplicates -I data/raw_samples/merged_bam/LuCaP_78.bam -O data/raw_samples/deduplicated_bam/LuCaP_78.bam -M data/raw_samples/deduplicated_bam/LuCaP_78_dedup_metrics.txt --CREATE_INDEX true --TMP_DIR tmp/) 2> log/merge_and_recalibrate/LuCaP_78_mark_dups.log

        (gatk BaseRecalibrator -I data/raw_samples/deduplicated_bam/LuCaP_78.bam -R resource/Homo_sapiens_assembly38.fasta -O data/raw_samples/deduplicated_bam/LuCaP_78_recal_data.table --tmp-dir tmp/ --known-sites resource/1000G_omni2.5.hg38_chrRenamed.vcf.gz --known-sites resource/dbsnp_138.hg38_chrRenamed.vcf.gz --known-sites resource/1000G_phase1.snps.high_confidence.hg38_chrRenamed.vcf.gz --known-sites resource/dbsnp_144.hg38_chrRenamed.vcf.gz --known-sites resource/hapmap_3.3.hg38_chrRenamed.vcf.gz --known-sites resource/Axiom_Exome_Plus.genotypes.all_populations.poly.hg38_chrRenamed.vcf.gz --known-sites resource/dbsnp_146.hg38_chrRenamed.vcf.gz --known-sites resource/Mills_and_1000G_gold_standard.indels.hg38_chrRenamed.vcf.gz --known-sites resource/hapmap_3.3_grch38_pop_stratified_af_chrRenamed.vcf.gz) 2> log/merge_and_recalibrate/LuCaP_78_base_recalibrate.log

        (gatk ApplyBQSR -R resource/Homo_sapiens_assembly38.fasta -I data/raw_samples/deduplicated_bam/LuCaP_78.bam -bqsr data/raw_samples/deduplicated_bam/LuCaP_78_recal_data.table -O data/raw_samples/recalibrated_bam/LuCaP_78.bam --tmp-dir tmp/ && samtools index data/raw_samples/recalibrated_bam/LuCaP_78.bam) 2> log/merge_and_recalibrate/LuCaP_78_apply_recab.log

        rm data/raw_samples/merged_bam/LuCaP_78_norg.bam
        

[Mon Jan 23 09:55:13 2023]
Job 148: [MERGING & RECALIBRATING] LuCaP_141
Reason: Missing output files: data/raw_samples/deduplicated_bam/LuCaP_141.bam, data/raw_samples/merged_bam/LuCaP_141.bam, data/raw_samples/recalibrated_bam/LuCaP_141.bam; Input files updated by another job: data/raw_samples/aligned_fastq/SRR13105434.bam, data/raw_samples/aligned_fastq/SRR13105358.bam, data/raw_samples/aligned_fastq/SRR13105385.bam


        (picard MergeSamFiles -I data/raw_samples/aligned_fastq/SRR13105358.bam -I data/raw_samples/aligned_fastq/SRR13105385.bam -I data/raw_samples/aligned_fastq/SRR13105434.bam -O data/raw_samples/merged_bam/LuCaP_141_norg.bam --TMP_DIR tmp/ --CREATE_INDEX false) 2> log/merge_and_recalibrate/LuCaP_141_merge.log

        (picard AddOrReplaceReadGroups -I data/raw_samples/merged_bam/LuCaP_141_norg.bam --RGID 2 --RGLB lib2 --RGSM LuCaP_141 --RGPL ILLUMINA --RGPU D00608:2:CB6LRANXX:102 -O data/raw_samples/merged_bam/LuCaP_141.bam --TMP_DIR tmp/ --CREATE_INDEX true) 2> log/merge_and_recalibrate/LuCaP_141_replace_rg.log

        (gatk MarkDuplicates -I data/raw_samples/merged_bam/LuCaP_141.bam -O data/raw_samples/deduplicated_bam/LuCaP_141.bam -M data/raw_samples/deduplicated_bam/LuCaP_141_dedup_metrics.txt --CREATE_INDEX true --TMP_DIR tmp/) 2> log/merge_and_recalibrate/LuCaP_141_mark_dups.log

        (gatk BaseRecalibrator -I data/raw_samples/deduplicated_bam/LuCaP_141.bam -R resource/Homo_sapiens_assembly38.fasta -O data/raw_samples/deduplicated_bam/LuCaP_141_recal_data.table --tmp-dir tmp/ --known-sites resource/1000G_omni2.5.hg38_chrRenamed.vcf.gz --known-sites resource/dbsnp_138.hg38_chrRenamed.vcf.gz --known-sites resource/1000G_phase1.snps.high_confidence.hg38_chrRenamed.vcf.gz --known-sites resource/dbsnp_144.hg38_chrRenamed.vcf.gz --known-sites resource/hapmap_3.3.hg38_chrRenamed.vcf.gz --known-sites resource/Axiom_Exome_Plus.genotypes.all_populations.poly.hg38_chrRenamed.vcf.gz --known-sites resource/dbsnp_146.hg38_chrRenamed.vcf.gz --known-sites resource/Mills_and_1000G_gold_standard.indels.hg38_chrRenamed.vcf.gz --known-sites resource/hapmap_3.3_grch38_pop_stratified_af_chrRenamed.vcf.gz) 2> log/merge_and_recalibrate/LuCaP_141_base_recalibrate.log

        (gatk ApplyBQSR -R resource/Homo_sapiens_assembly38.fasta -I data/raw_samples/deduplicated_bam/LuCaP_141.bam -bqsr data/raw_samples/deduplicated_bam/LuCaP_141_recal_data.table -O data/raw_samples/recalibrated_bam/LuCaP_141.bam --tmp-dir tmp/ && samtools index data/raw_samples/recalibrated_bam/LuCaP_141.bam) 2> log/merge_and_recalibrate/LuCaP_141_apply_recab.log

        rm data/raw_samples/merged_bam/LuCaP_141_norg.bam
        

[Mon Jan 23 09:55:13 2023]
Job 163: [MERGING & RECALIBRATING] LuCaP_93
Reason: Missing output files: data/raw_samples/recalibrated_bam/LuCaP_93.bam, data/raw_samples/merged_bam/LuCaP_93.bam, data/raw_samples/deduplicated_bam/LuCaP_93.bam; Input files updated by another job: data/raw_samples/aligned_fastq/SRR13105382.bam, data/raw_samples/aligned_fastq/SRR13105411.bam, data/raw_samples/aligned_fastq/SRR13105431.bam, data/raw_samples/aligned_fastq/SRR13105459.bam, data/raw_samples/aligned_fastq/SRR13105421.bam


        (picard MergeSamFiles -I data/raw_samples/aligned_fastq/SRR13105382.bam -I data/raw_samples/aligned_fastq/SRR13105411.bam -I data/raw_samples/aligned_fastq/SRR13105421.bam -I data/raw_samples/aligned_fastq/SRR13105431.bam -I data/raw_samples/aligned_fastq/SRR13105459.bam -O data/raw_samples/merged_bam/LuCaP_93_norg.bam --TMP_DIR tmp/ --CREATE_INDEX false) 2> log/merge_and_recalibrate/LuCaP_93_merge.log

        (picard AddOrReplaceReadGroups -I data/raw_samples/merged_bam/LuCaP_93_norg.bam --RGID 17 --RGLB lib17 --RGSM LuCaP_93 --RGPL ILLUMINA --RGPU D00608:17:CB6LRANXX:117 -O data/raw_samples/merged_bam/LuCaP_93.bam --TMP_DIR tmp/ --CREATE_INDEX true) 2> log/merge_and_recalibrate/LuCaP_93_replace_rg.log

        (gatk MarkDuplicates -I data/raw_samples/merged_bam/LuCaP_93.bam -O data/raw_samples/deduplicated_bam/LuCaP_93.bam -M data/raw_samples/deduplicated_bam/LuCaP_93_dedup_metrics.txt --CREATE_INDEX true --TMP_DIR tmp/) 2> log/merge_and_recalibrate/LuCaP_93_mark_dups.log

        (gatk BaseRecalibrator -I data/raw_samples/deduplicated_bam/LuCaP_93.bam -R resource/Homo_sapiens_assembly38.fasta -O data/raw_samples/deduplicated_bam/LuCaP_93_recal_data.table --tmp-dir tmp/ --known-sites resource/1000G_omni2.5.hg38_chrRenamed.vcf.gz --known-sites resource/dbsnp_138.hg38_chrRenamed.vcf.gz --known-sites resource/1000G_phase1.snps.high_confidence.hg38_chrRenamed.vcf.gz --known-sites resource/dbsnp_144.hg38_chrRenamed.vcf.gz --known-sites resource/hapmap_3.3.hg38_chrRenamed.vcf.gz --known-sites resource/Axiom_Exome_Plus.genotypes.all_populations.poly.hg38_chrRenamed.vcf.gz --known-sites resource/dbsnp_146.hg38_chrRenamed.vcf.gz --known-sites resource/Mills_and_1000G_gold_standard.indels.hg38_chrRenamed.vcf.gz --known-sites resource/hapmap_3.3_grch38_pop_stratified_af_chrRenamed.vcf.gz) 2> log/merge_and_recalibrate/LuCaP_93_base_recalibrate.log

        (gatk ApplyBQSR -R resource/Homo_sapiens_assembly38.fasta -I data/raw_samples/deduplicated_bam/LuCaP_93.bam -bqsr data/raw_samples/deduplicated_bam/LuCaP_93_recal_data.table -O data/raw_samples/recalibrated_bam/LuCaP_93.bam --tmp-dir tmp/ && samtools index data/raw_samples/recalibrated_bam/LuCaP_93.bam) 2> log/merge_and_recalibrate/LuCaP_93_apply_recab.log

        rm data/raw_samples/merged_bam/LuCaP_93_norg.bam
        

[Mon Jan 23 09:55:13 2023]
Job 152: [MERGING & RECALIBRATING] LuCaP_173
Reason: Missing output files: data/raw_samples/deduplicated_bam/LuCaP_173.bam, data/raw_samples/merged_bam/LuCaP_173.bam, data/raw_samples/recalibrated_bam/LuCaP_173.bam; Input files updated by another job: data/raw_samples/aligned_fastq/SRR13105424.bam, data/raw_samples/aligned_fastq/SRR13105392.bam, data/raw_samples/aligned_fastq/SRR13105414.bam, data/raw_samples/aligned_fastq/SRR13105441.bam, data/raw_samples/aligned_fastq/SRR13105364.bam


        (picard MergeSamFiles -I data/raw_samples/aligned_fastq/SRR13105364.bam -I data/raw_samples/aligned_fastq/SRR13105392.bam -I data/raw_samples/aligned_fastq/SRR13105414.bam -I data/raw_samples/aligned_fastq/SRR13105424.bam -I data/raw_samples/aligned_fastq/SRR13105441.bam -O data/raw_samples/merged_bam/LuCaP_173_norg.bam --TMP_DIR tmp/ --CREATE_INDEX false) 2> log/merge_and_recalibrate/LuCaP_173_merge.log

        (picard AddOrReplaceReadGroups -I data/raw_samples/merged_bam/LuCaP_173_norg.bam --RGID 6 --RGLB lib6 --RGSM LuCaP_173 --RGPL ILLUMINA --RGPU D00608:6:CB6LRANXX:106 -O data/raw_samples/merged_bam/LuCaP_173.bam --TMP_DIR tmp/ --CREATE_INDEX true) 2> log/merge_and_recalibrate/LuCaP_173_replace_rg.log

        (gatk MarkDuplicates -I data/raw_samples/merged_bam/LuCaP_173.bam -O data/raw_samples/deduplicated_bam/LuCaP_173.bam -M data/raw_samples/deduplicated_bam/LuCaP_173_dedup_metrics.txt --CREATE_INDEX true --TMP_DIR tmp/) 2> log/merge_and_recalibrate/LuCaP_173_mark_dups.log

        (gatk BaseRecalibrator -I data/raw_samples/deduplicated_bam/LuCaP_173.bam -R resource/Homo_sapiens_assembly38.fasta -O data/raw_samples/deduplicated_bam/LuCaP_173_recal_data.table --tmp-dir tmp/ --known-sites resource/1000G_omni2.5.hg38_chrRenamed.vcf.gz --known-sites resource/dbsnp_138.hg38_chrRenamed.vcf.gz --known-sites resource/1000G_phase1.snps.high_confidence.hg38_chrRenamed.vcf.gz --known-sites resource/dbsnp_144.hg38_chrRenamed.vcf.gz --known-sites resource/hapmap_3.3.hg38_chrRenamed.vcf.gz --known-sites resource/Axiom_Exome_Plus.genotypes.all_populations.poly.hg38_chrRenamed.vcf.gz --known-sites resource/dbsnp_146.hg38_chrRenamed.vcf.gz --known-sites resource/Mills_and_1000G_gold_standard.indels.hg38_chrRenamed.vcf.gz --known-sites resource/hapmap_3.3_grch38_pop_stratified_af_chrRenamed.vcf.gz) 2> log/merge_and_recalibrate/LuCaP_173_base_recalibrate.log

        (gatk ApplyBQSR -R resource/Homo_sapiens_assembly38.fasta -I data/raw_samples/deduplicated_bam/LuCaP_173.bam -bqsr data/raw_samples/deduplicated_bam/LuCaP_173_recal_data.table -O data/raw_samples/recalibrated_bam/LuCaP_173.bam --tmp-dir tmp/ && samtools index data/raw_samples/recalibrated_bam/LuCaP_173.bam) 2> log/merge_and_recalibrate/LuCaP_173_apply_recab.log

        rm data/raw_samples/merged_bam/LuCaP_173_norg.bam
        

[Mon Jan 23 09:55:13 2023]
Job 156: [MERGING & RECALIBRATING] LuCaP_58
Reason: Missing output files: data/raw_samples/deduplicated_bam/LuCaP_58.bam, data/raw_samples/recalibrated_bam/LuCaP_58.bam, data/raw_samples/merged_bam/LuCaP_58.bam; Input files updated by another job: data/raw_samples/aligned_fastq/SRR13105416.bam, data/raw_samples/aligned_fastq/SRR13105400.bam, data/raw_samples/aligned_fastq/SRR13105426.bam, data/raw_samples/aligned_fastq/SRR13105448.bam, data/raw_samples/aligned_fastq/SRR13105371.bam


        (picard MergeSamFiles -I data/raw_samples/aligned_fastq/SRR13105371.bam -I data/raw_samples/aligned_fastq/SRR13105400.bam -I data/raw_samples/aligned_fastq/SRR13105416.bam -I data/raw_samples/aligned_fastq/SRR13105426.bam -I data/raw_samples/aligned_fastq/SRR13105448.bam -O data/raw_samples/merged_bam/LuCaP_58_norg.bam --TMP_DIR tmp/ --CREATE_INDEX false) 2> log/merge_and_recalibrate/LuCaP_58_merge.log

        (picard AddOrReplaceReadGroups -I data/raw_samples/merged_bam/LuCaP_58_norg.bam --RGID 10 --RGLB lib10 --RGSM LuCaP_58 --RGPL ILLUMINA --RGPU D00608:10:CB6LRANXX:110 -O data/raw_samples/merged_bam/LuCaP_58.bam --TMP_DIR tmp/ --CREATE_INDEX true) 2> log/merge_and_recalibrate/LuCaP_58_replace_rg.log

        (gatk MarkDuplicates -I data/raw_samples/merged_bam/LuCaP_58.bam -O data/raw_samples/deduplicated_bam/LuCaP_58.bam -M data/raw_samples/deduplicated_bam/LuCaP_58_dedup_metrics.txt --CREATE_INDEX true --TMP_DIR tmp/) 2> log/merge_and_recalibrate/LuCaP_58_mark_dups.log

        (gatk BaseRecalibrator -I data/raw_samples/deduplicated_bam/LuCaP_58.bam -R resource/Homo_sapiens_assembly38.fasta -O data/raw_samples/deduplicated_bam/LuCaP_58_recal_data.table --tmp-dir tmp/ --known-sites resource/1000G_omni2.5.hg38_chrRenamed.vcf.gz --known-sites resource/dbsnp_138.hg38_chrRenamed.vcf.gz --known-sites resource/1000G_phase1.snps.high_confidence.hg38_chrRenamed.vcf.gz --known-sites resource/dbsnp_144.hg38_chrRenamed.vcf.gz --known-sites resource/hapmap_3.3.hg38_chrRenamed.vcf.gz --known-sites resource/Axiom_Exome_Plus.genotypes.all_populations.poly.hg38_chrRenamed.vcf.gz --known-sites resource/dbsnp_146.hg38_chrRenamed.vcf.gz --known-sites resource/Mills_and_1000G_gold_standard.indels.hg38_chrRenamed.vcf.gz --known-sites resource/hapmap_3.3_grch38_pop_stratified_af_chrRenamed.vcf.gz) 2> log/merge_and_recalibrate/LuCaP_58_base_recalibrate.log

        (gatk ApplyBQSR -R resource/Homo_sapiens_assembly38.fasta -I data/raw_samples/deduplicated_bam/LuCaP_58.bam -bqsr data/raw_samples/deduplicated_bam/LuCaP_58_recal_data.table -O data/raw_samples/recalibrated_bam/LuCaP_58.bam --tmp-dir tmp/ && samtools index data/raw_samples/recalibrated_bam/LuCaP_58.bam) 2> log/merge_and_recalibrate/LuCaP_58_apply_recab.log

        rm data/raw_samples/merged_bam/LuCaP_58_norg.bam
        

[Mon Jan 23 09:55:13 2023]
Job 160: [MERGING & RECALIBRATING] LuCaP_81
Reason: Missing output files: data/raw_samples/merged_bam/LuCaP_81.bam, data/raw_samples/deduplicated_bam/LuCaP_81.bam, data/raw_samples/recalibrated_bam/LuCaP_81.bam; Input files updated by another job: data/raw_samples/aligned_fastq/SRR13105379.bam, data/raw_samples/aligned_fastq/SRR13105456.bam, data/raw_samples/aligned_fastq/SRR13105419.bam, data/raw_samples/aligned_fastq/SRR13105408.bam, data/raw_samples/aligned_fastq/SRR13105429.bam


        (picard MergeSamFiles -I data/raw_samples/aligned_fastq/SRR13105379.bam -I data/raw_samples/aligned_fastq/SRR13105408.bam -I data/raw_samples/aligned_fastq/SRR13105419.bam -I data/raw_samples/aligned_fastq/SRR13105429.bam -I data/raw_samples/aligned_fastq/SRR13105456.bam -O data/raw_samples/merged_bam/LuCaP_81_norg.bam --TMP_DIR tmp/ --CREATE_INDEX false) 2> log/merge_and_recalibrate/LuCaP_81_merge.log

        (picard AddOrReplaceReadGroups -I data/raw_samples/merged_bam/LuCaP_81_norg.bam --RGID 14 --RGLB lib14 --RGSM LuCaP_81 --RGPL ILLUMINA --RGPU D00608:14:CB6LRANXX:114 -O data/raw_samples/merged_bam/LuCaP_81.bam --TMP_DIR tmp/ --CREATE_INDEX true) 2> log/merge_and_recalibrate/LuCaP_81_replace_rg.log

        (gatk MarkDuplicates -I data/raw_samples/merged_bam/LuCaP_81.bam -O data/raw_samples/deduplicated_bam/LuCaP_81.bam -M data/raw_samples/deduplicated_bam/LuCaP_81_dedup_metrics.txt --CREATE_INDEX true --TMP_DIR tmp/) 2> log/merge_and_recalibrate/LuCaP_81_mark_dups.log

        (gatk BaseRecalibrator -I data/raw_samples/deduplicated_bam/LuCaP_81.bam -R resource/Homo_sapiens_assembly38.fasta -O data/raw_samples/deduplicated_bam/LuCaP_81_recal_data.table --tmp-dir tmp/ --known-sites resource/1000G_omni2.5.hg38_chrRenamed.vcf.gz --known-sites resource/dbsnp_138.hg38_chrRenamed.vcf.gz --known-sites resource/1000G_phase1.snps.high_confidence.hg38_chrRenamed.vcf.gz --known-sites resource/dbsnp_144.hg38_chrRenamed.vcf.gz --known-sites resource/hapmap_3.3.hg38_chrRenamed.vcf.gz --known-sites resource/Axiom_Exome_Plus.genotypes.all_populations.poly.hg38_chrRenamed.vcf.gz --known-sites resource/dbsnp_146.hg38_chrRenamed.vcf.gz --known-sites resource/Mills_and_1000G_gold_standard.indels.hg38_chrRenamed.vcf.gz --known-sites resource/hapmap_3.3_grch38_pop_stratified_af_chrRenamed.vcf.gz) 2> log/merge_and_recalibrate/LuCaP_81_base_recalibrate.log

        (gatk ApplyBQSR -R resource/Homo_sapiens_assembly38.fasta -I data/raw_samples/deduplicated_bam/LuCaP_81.bam -bqsr data/raw_samples/deduplicated_bam/LuCaP_81_recal_data.table -O data/raw_samples/recalibrated_bam/LuCaP_81.bam --tmp-dir tmp/ && samtools index data/raw_samples/recalibrated_bam/LuCaP_81.bam) 2> log/merge_and_recalibrate/LuCaP_81_apply_recab.log

        rm data/raw_samples/merged_bam/LuCaP_81_norg.bam
        

[Mon Jan 23 09:55:13 2023]
Job 149: [MERGING & RECALIBRATING] LuCaP_145
Reason: Missing output files: data/raw_samples/merged_bam/LuCaP_145.bam, data/raw_samples/deduplicated_bam/LuCaP_145.bam, data/raw_samples/recalibrated_bam/LuCaP_145.bam; Input files updated by another job: data/raw_samples/aligned_fastq/SRR13105435.bam, data/raw_samples/aligned_fastq/SRR13105386.bam, data/raw_samples/aligned_fastq/SRR13105436.bam, data/raw_samples/aligned_fastq/SRR13105413.bam, data/raw_samples/aligned_fastq/SRR13105412.bam, data/raw_samples/aligned_fastq/SRR13105422.bam, data/raw_samples/aligned_fastq/SRR13105423.bam, data/raw_samples/aligned_fastq/SRR13105360.bam, data/raw_samples/aligned_fastq/SRR13105387.bam, data/raw_samples/aligned_fastq/SRR13105359.bam


        (picard MergeSamFiles -I data/raw_samples/aligned_fastq/SRR13105359.bam -I data/raw_samples/aligned_fastq/SRR13105360.bam -I data/raw_samples/aligned_fastq/SRR13105386.bam -I data/raw_samples/aligned_fastq/SRR13105387.bam -I data/raw_samples/aligned_fastq/SRR13105412.bam -I data/raw_samples/aligned_fastq/SRR13105413.bam -I data/raw_samples/aligned_fastq/SRR13105422.bam -I data/raw_samples/aligned_fastq/SRR13105423.bam -I data/raw_samples/aligned_fastq/SRR13105435.bam -I data/raw_samples/aligned_fastq/SRR13105436.bam -O data/raw_samples/merged_bam/LuCaP_145_norg.bam --TMP_DIR tmp/ --CREATE_INDEX false) 2> log/merge_and_recalibrate/LuCaP_145_merge.log

        (picard AddOrReplaceReadGroups -I data/raw_samples/merged_bam/LuCaP_145_norg.bam --RGID 3 --RGLB lib3 --RGSM LuCaP_145 --RGPL ILLUMINA --RGPU D00608:3:CB6LRANXX:103 -O data/raw_samples/merged_bam/LuCaP_145.bam --TMP_DIR tmp/ --CREATE_INDEX true) 2> log/merge_and_recalibrate/LuCaP_145_replace_rg.log

        (gatk MarkDuplicates -I data/raw_samples/merged_bam/LuCaP_145.bam -O data/raw_samples/deduplicated_bam/LuCaP_145.bam -M data/raw_samples/deduplicated_bam/LuCaP_145_dedup_metrics.txt --CREATE_INDEX true --TMP_DIR tmp/) 2> log/merge_and_recalibrate/LuCaP_145_mark_dups.log

        (gatk BaseRecalibrator -I data/raw_samples/deduplicated_bam/LuCaP_145.bam -R resource/Homo_sapiens_assembly38.fasta -O data/raw_samples/deduplicated_bam/LuCaP_145_recal_data.table --tmp-dir tmp/ --known-sites resource/1000G_omni2.5.hg38_chrRenamed.vcf.gz --known-sites resource/dbsnp_138.hg38_chrRenamed.vcf.gz --known-sites resource/1000G_phase1.snps.high_confidence.hg38_chrRenamed.vcf.gz --known-sites resource/dbsnp_144.hg38_chrRenamed.vcf.gz --known-sites resource/hapmap_3.3.hg38_chrRenamed.vcf.gz --known-sites resource/Axiom_Exome_Plus.genotypes.all_populations.poly.hg38_chrRenamed.vcf.gz --known-sites resource/dbsnp_146.hg38_chrRenamed.vcf.gz --known-sites resource/Mills_and_1000G_gold_standard.indels.hg38_chrRenamed.vcf.gz --known-sites resource/hapmap_3.3_grch38_pop_stratified_af_chrRenamed.vcf.gz) 2> log/merge_and_recalibrate/LuCaP_145_base_recalibrate.log

        (gatk ApplyBQSR -R resource/Homo_sapiens_assembly38.fasta -I data/raw_samples/deduplicated_bam/LuCaP_145.bam -bqsr data/raw_samples/deduplicated_bam/LuCaP_145_recal_data.table -O data/raw_samples/recalibrated_bam/LuCaP_145.bam --tmp-dir tmp/ && samtools index data/raw_samples/recalibrated_bam/LuCaP_145.bam) 2> log/merge_and_recalibrate/LuCaP_145_apply_recab.log

        rm data/raw_samples/merged_bam/LuCaP_145_norg.bam
        

[Mon Jan 23 09:55:13 2023]
Job 153: [MERGING & RECALIBRATING] LuCaP_189
Reason: Missing output files: data/raw_samples/merged_bam/LuCaP_189.bam, data/raw_samples/deduplicated_bam/LuCaP_189.bam, data/raw_samples/recalibrated_bam/LuCaP_189.bam; Input files updated by another job: data/raw_samples/aligned_fastq/SRR13105367.bam, data/raw_samples/aligned_fastq/SRR13105395.bam, data/raw_samples/aligned_fastq/SRR13105444.bam


        (picard MergeSamFiles -I data/raw_samples/aligned_fastq/SRR13105367.bam -I data/raw_samples/aligned_fastq/SRR13105395.bam -I data/raw_samples/aligned_fastq/SRR13105444.bam -O data/raw_samples/merged_bam/LuCaP_189_norg.bam --TMP_DIR tmp/ --CREATE_INDEX false) 2> log/merge_and_recalibrate/LuCaP_189_merge.log

        (picard AddOrReplaceReadGroups -I data/raw_samples/merged_bam/LuCaP_189_norg.bam --RGID 7 --RGLB lib7 --RGSM LuCaP_189 --RGPL ILLUMINA --RGPU D00608:7:CB6LRANXX:107 -O data/raw_samples/merged_bam/LuCaP_189.bam --TMP_DIR tmp/ --CREATE_INDEX true) 2> log/merge_and_recalibrate/LuCaP_189_replace_rg.log

        (gatk MarkDuplicates -I data/raw_samples/merged_bam/LuCaP_189.bam -O data/raw_samples/deduplicated_bam/LuCaP_189.bam -M data/raw_samples/deduplicated_bam/LuCaP_189_dedup_metrics.txt --CREATE_INDEX true --TMP_DIR tmp/) 2> log/merge_and_recalibrate/LuCaP_189_mark_dups.log

        (gatk BaseRecalibrator -I data/raw_samples/deduplicated_bam/LuCaP_189.bam -R resource/Homo_sapiens_assembly38.fasta -O data/raw_samples/deduplicated_bam/LuCaP_189_recal_data.table --tmp-dir tmp/ --known-sites resource/1000G_omni2.5.hg38_chrRenamed.vcf.gz --known-sites resource/dbsnp_138.hg38_chrRenamed.vcf.gz --known-sites resource/1000G_phase1.snps.high_confidence.hg38_chrRenamed.vcf.gz --known-sites resource/dbsnp_144.hg38_chrRenamed.vcf.gz --known-sites resource/hapmap_3.3.hg38_chrRenamed.vcf.gz --known-sites resource/Axiom_Exome_Plus.genotypes.all_populations.poly.hg38_chrRenamed.vcf.gz --known-sites resource/dbsnp_146.hg38_chrRenamed.vcf.gz --known-sites resource/Mills_and_1000G_gold_standard.indels.hg38_chrRenamed.vcf.gz --known-sites resource/hapmap_3.3_grch38_pop_stratified_af_chrRenamed.vcf.gz) 2> log/merge_and_recalibrate/LuCaP_189_base_recalibrate.log

        (gatk ApplyBQSR -R resource/Homo_sapiens_assembly38.fasta -I data/raw_samples/deduplicated_bam/LuCaP_189.bam -bqsr data/raw_samples/deduplicated_bam/LuCaP_189_recal_data.table -O data/raw_samples/recalibrated_bam/LuCaP_189.bam --tmp-dir tmp/ && samtools index data/raw_samples/recalibrated_bam/LuCaP_189.bam) 2> log/merge_and_recalibrate/LuCaP_189_apply_recab.log

        rm data/raw_samples/merged_bam/LuCaP_189_norg.bam
        

[Mon Jan 23 09:55:13 2023]
Job 157: [MERGING & RECALIBRATING] LuCaP_70
Reason: Missing output files: data/raw_samples/deduplicated_bam/LuCaP_70.bam, data/raw_samples/merged_bam/LuCaP_70.bam, data/raw_samples/recalibrated_bam/LuCaP_70.bam; Input files updated by another job: data/raw_samples/aligned_fastq/SRR13105450.bam, data/raw_samples/aligned_fastq/SRR13105373.bam, data/raw_samples/aligned_fastq/SRR13105402.bam


        (picard MergeSamFiles -I data/raw_samples/aligned_fastq/SRR13105373.bam -I data/raw_samples/aligned_fastq/SRR13105402.bam -I data/raw_samples/aligned_fastq/SRR13105450.bam -O data/raw_samples/merged_bam/LuCaP_70_norg.bam --TMP_DIR tmp/ --CREATE_INDEX false) 2> log/merge_and_recalibrate/LuCaP_70_merge.log

        (picard AddOrReplaceReadGroups -I data/raw_samples/merged_bam/LuCaP_70_norg.bam --RGID 11 --RGLB lib11 --RGSM LuCaP_70 --RGPL ILLUMINA --RGPU D00608:11:CB6LRANXX:111 -O data/raw_samples/merged_bam/LuCaP_70.bam --TMP_DIR tmp/ --CREATE_INDEX true) 2> log/merge_and_recalibrate/LuCaP_70_replace_rg.log

        (gatk MarkDuplicates -I data/raw_samples/merged_bam/LuCaP_70.bam -O data/raw_samples/deduplicated_bam/LuCaP_70.bam -M data/raw_samples/deduplicated_bam/LuCaP_70_dedup_metrics.txt --CREATE_INDEX true --TMP_DIR tmp/) 2> log/merge_and_recalibrate/LuCaP_70_mark_dups.log

        (gatk BaseRecalibrator -I data/raw_samples/deduplicated_bam/LuCaP_70.bam -R resource/Homo_sapiens_assembly38.fasta -O data/raw_samples/deduplicated_bam/LuCaP_70_recal_data.table --tmp-dir tmp/ --known-sites resource/1000G_omni2.5.hg38_chrRenamed.vcf.gz --known-sites resource/dbsnp_138.hg38_chrRenamed.vcf.gz --known-sites resource/1000G_phase1.snps.high_confidence.hg38_chrRenamed.vcf.gz --known-sites resource/dbsnp_144.hg38_chrRenamed.vcf.gz --known-sites resource/hapmap_3.3.hg38_chrRenamed.vcf.gz --known-sites resource/Axiom_Exome_Plus.genotypes.all_populations.poly.hg38_chrRenamed.vcf.gz --known-sites resource/dbsnp_146.hg38_chrRenamed.vcf.gz --known-sites resource/Mills_and_1000G_gold_standard.indels.hg38_chrRenamed.vcf.gz --known-sites resource/hapmap_3.3_grch38_pop_stratified_af_chrRenamed.vcf.gz) 2> log/merge_and_recalibrate/LuCaP_70_base_recalibrate.log

        (gatk ApplyBQSR -R resource/Homo_sapiens_assembly38.fasta -I data/raw_samples/deduplicated_bam/LuCaP_70.bam -bqsr data/raw_samples/deduplicated_bam/LuCaP_70_recal_data.table -O data/raw_samples/recalibrated_bam/LuCaP_70.bam --tmp-dir tmp/ && samtools index data/raw_samples/recalibrated_bam/LuCaP_70.bam) 2> log/merge_and_recalibrate/LuCaP_70_apply_recab.log

        rm data/raw_samples/merged_bam/LuCaP_70_norg.bam
        

[Mon Jan 23 09:55:13 2023]
Job 161: [MERGING & RECALIBRATING] LuCaP_86
Reason: Missing output files: data/raw_samples/deduplicated_bam/LuCaP_86.bam, data/raw_samples/recalibrated_bam/LuCaP_86.bam, data/raw_samples/merged_bam/LuCaP_86.bam; Input files updated by another job: data/raw_samples/aligned_fastq/SRR13105380.bam, data/raw_samples/aligned_fastq/SRR13105457.bam, data/raw_samples/aligned_fastq/SRR13105409.bam


        (picard MergeSamFiles -I data/raw_samples/aligned_fastq/SRR13105380.bam -I data/raw_samples/aligned_fastq/SRR13105409.bam -I data/raw_samples/aligned_fastq/SRR13105457.bam -O data/raw_samples/merged_bam/LuCaP_86_norg.bam --TMP_DIR tmp/ --CREATE_INDEX false) 2> log/merge_and_recalibrate/LuCaP_86_merge.log

        (picard AddOrReplaceReadGroups -I data/raw_samples/merged_bam/LuCaP_86_norg.bam --RGID 15 --RGLB lib15 --RGSM LuCaP_86 --RGPL ILLUMINA --RGPU D00608:15:CB6LRANXX:115 -O data/raw_samples/merged_bam/LuCaP_86.bam --TMP_DIR tmp/ --CREATE_INDEX true) 2> log/merge_and_recalibrate/LuCaP_86_replace_rg.log

        (gatk MarkDuplicates -I data/raw_samples/merged_bam/LuCaP_86.bam -O data/raw_samples/deduplicated_bam/LuCaP_86.bam -M data/raw_samples/deduplicated_bam/LuCaP_86_dedup_metrics.txt --CREATE_INDEX true --TMP_DIR tmp/) 2> log/merge_and_recalibrate/LuCaP_86_mark_dups.log

        (gatk BaseRecalibrator -I data/raw_samples/deduplicated_bam/LuCaP_86.bam -R resource/Homo_sapiens_assembly38.fasta -O data/raw_samples/deduplicated_bam/LuCaP_86_recal_data.table --tmp-dir tmp/ --known-sites resource/1000G_omni2.5.hg38_chrRenamed.vcf.gz --known-sites resource/dbsnp_138.hg38_chrRenamed.vcf.gz --known-sites resource/1000G_phase1.snps.high_confidence.hg38_chrRenamed.vcf.gz --known-sites resource/dbsnp_144.hg38_chrRenamed.vcf.gz --known-sites resource/hapmap_3.3.hg38_chrRenamed.vcf.gz --known-sites resource/Axiom_Exome_Plus.genotypes.all_populations.poly.hg38_chrRenamed.vcf.gz --known-sites resource/dbsnp_146.hg38_chrRenamed.vcf.gz --known-sites resource/Mills_and_1000G_gold_standard.indels.hg38_chrRenamed.vcf.gz --known-sites resource/hapmap_3.3_grch38_pop_stratified_af_chrRenamed.vcf.gz) 2> log/merge_and_recalibrate/LuCaP_86_base_recalibrate.log

        (gatk ApplyBQSR -R resource/Homo_sapiens_assembly38.fasta -I data/raw_samples/deduplicated_bam/LuCaP_86.bam -bqsr data/raw_samples/deduplicated_bam/LuCaP_86_recal_data.table -O data/raw_samples/recalibrated_bam/LuCaP_86.bam --tmp-dir tmp/ && samtools index data/raw_samples/recalibrated_bam/LuCaP_86.bam) 2> log/merge_and_recalibrate/LuCaP_86_apply_recab.log

        rm data/raw_samples/merged_bam/LuCaP_86_norg.bam
        

[Mon Jan 23 09:55:13 2023]
Job 150: [MERGING & RECALIBRATING] LuCaP_167
Reason: Missing output files: data/raw_samples/recalibrated_bam/LuCaP_167.bam, data/raw_samples/merged_bam/LuCaP_167.bam, data/raw_samples/deduplicated_bam/LuCaP_167.bam; Input files updated by another job: data/raw_samples/aligned_fastq/SRR13105438.bam, data/raw_samples/aligned_fastq/SRR13105361.bam, data/raw_samples/aligned_fastq/SRR13105389.bam


        (picard MergeSamFiles -I data/raw_samples/aligned_fastq/SRR13105361.bam -I data/raw_samples/aligned_fastq/SRR13105389.bam -I data/raw_samples/aligned_fastq/SRR13105438.bam -O data/raw_samples/merged_bam/LuCaP_167_norg.bam --TMP_DIR tmp/ --CREATE_INDEX false) 2> log/merge_and_recalibrate/LuCaP_167_merge.log

        (picard AddOrReplaceReadGroups -I data/raw_samples/merged_bam/LuCaP_167_norg.bam --RGID 4 --RGLB lib4 --RGSM LuCaP_167 --RGPL ILLUMINA --RGPU D00608:4:CB6LRANXX:104 -O data/raw_samples/merged_bam/LuCaP_167.bam --TMP_DIR tmp/ --CREATE_INDEX true) 2> log/merge_and_recalibrate/LuCaP_167_replace_rg.log

        (gatk MarkDuplicates -I data/raw_samples/merged_bam/LuCaP_167.bam -O data/raw_samples/deduplicated_bam/LuCaP_167.bam -M data/raw_samples/deduplicated_bam/LuCaP_167_dedup_metrics.txt --CREATE_INDEX true --TMP_DIR tmp/) 2> log/merge_and_recalibrate/LuCaP_167_mark_dups.log

        (gatk BaseRecalibrator -I data/raw_samples/deduplicated_bam/LuCaP_167.bam -R resource/Homo_sapiens_assembly38.fasta -O data/raw_samples/deduplicated_bam/LuCaP_167_recal_data.table --tmp-dir tmp/ --known-sites resource/1000G_omni2.5.hg38_chrRenamed.vcf.gz --known-sites resource/dbsnp_138.hg38_chrRenamed.vcf.gz --known-sites resource/1000G_phase1.snps.high_confidence.hg38_chrRenamed.vcf.gz --known-sites resource/dbsnp_144.hg38_chrRenamed.vcf.gz --known-sites resource/hapmap_3.3.hg38_chrRenamed.vcf.gz --known-sites resource/Axiom_Exome_Plus.genotypes.all_populations.poly.hg38_chrRenamed.vcf.gz --known-sites resource/dbsnp_146.hg38_chrRenamed.vcf.gz --known-sites resource/Mills_and_1000G_gold_standard.indels.hg38_chrRenamed.vcf.gz --known-sites resource/hapmap_3.3_grch38_pop_stratified_af_chrRenamed.vcf.gz) 2> log/merge_and_recalibrate/LuCaP_167_base_recalibrate.log

        (gatk ApplyBQSR -R resource/Homo_sapiens_assembly38.fasta -I data/raw_samples/deduplicated_bam/LuCaP_167.bam -bqsr data/raw_samples/deduplicated_bam/LuCaP_167_recal_data.table -O data/raw_samples/recalibrated_bam/LuCaP_167.bam --tmp-dir tmp/ && samtools index data/raw_samples/recalibrated_bam/LuCaP_167.bam) 2> log/merge_and_recalibrate/LuCaP_167_apply_recab.log

        rm data/raw_samples/merged_bam/LuCaP_167_norg.bam
        

[Mon Jan 23 09:55:13 2023]
Job 154: [MERGING & RECALIBRATING] LuCaP_208
Reason: Missing output files: data/raw_samples/merged_bam/LuCaP_208.bam, data/raw_samples/recalibrated_bam/LuCaP_208.bam, data/raw_samples/deduplicated_bam/LuCaP_208.bam; Input files updated by another job: data/raw_samples/aligned_fastq/SRR13105446.bam, data/raw_samples/aligned_fastq/SRR13105397.bam


        (picard MergeSamFiles -I data/raw_samples/aligned_fastq/SRR13105397.bam -I data/raw_samples/aligned_fastq/SRR13105446.bam -O data/raw_samples/merged_bam/LuCaP_208_norg.bam --TMP_DIR tmp/ --CREATE_INDEX false) 2> log/merge_and_recalibrate/LuCaP_208_merge.log

        (picard AddOrReplaceReadGroups -I data/raw_samples/merged_bam/LuCaP_208_norg.bam --RGID 8 --RGLB lib8 --RGSM LuCaP_208 --RGPL ILLUMINA --RGPU D00608:8:CB6LRANXX:108 -O data/raw_samples/merged_bam/LuCaP_208.bam --TMP_DIR tmp/ --CREATE_INDEX true) 2> log/merge_and_recalibrate/LuCaP_208_replace_rg.log

        (gatk MarkDuplicates -I data/raw_samples/merged_bam/LuCaP_208.bam -O data/raw_samples/deduplicated_bam/LuCaP_208.bam -M data/raw_samples/deduplicated_bam/LuCaP_208_dedup_metrics.txt --CREATE_INDEX true --TMP_DIR tmp/) 2> log/merge_and_recalibrate/LuCaP_208_mark_dups.log

        (gatk BaseRecalibrator -I data/raw_samples/deduplicated_bam/LuCaP_208.bam -R resource/Homo_sapiens_assembly38.fasta -O data/raw_samples/deduplicated_bam/LuCaP_208_recal_data.table --tmp-dir tmp/ --known-sites resource/1000G_omni2.5.hg38_chrRenamed.vcf.gz --known-sites resource/dbsnp_138.hg38_chrRenamed.vcf.gz --known-sites resource/1000G_phase1.snps.high_confidence.hg38_chrRenamed.vcf.gz --known-sites resource/dbsnp_144.hg38_chrRenamed.vcf.gz --known-sites resource/hapmap_3.3.hg38_chrRenamed.vcf.gz --known-sites resource/Axiom_Exome_Plus.genotypes.all_populations.poly.hg38_chrRenamed.vcf.gz --known-sites resource/dbsnp_146.hg38_chrRenamed.vcf.gz --known-sites resource/Mills_and_1000G_gold_standard.indels.hg38_chrRenamed.vcf.gz --known-sites resource/hapmap_3.3_grch38_pop_stratified_af_chrRenamed.vcf.gz) 2> log/merge_and_recalibrate/LuCaP_208_base_recalibrate.log

        (gatk ApplyBQSR -R resource/Homo_sapiens_assembly38.fasta -I data/raw_samples/deduplicated_bam/LuCaP_208.bam -bqsr data/raw_samples/deduplicated_bam/LuCaP_208_recal_data.table -O data/raw_samples/recalibrated_bam/LuCaP_208.bam --tmp-dir tmp/ && samtools index data/raw_samples/recalibrated_bam/LuCaP_208.bam) 2> log/merge_and_recalibrate/LuCaP_208_apply_recab.log

        rm data/raw_samples/merged_bam/LuCaP_208_norg.bam
        

[Mon Jan 23 09:55:13 2023]
Job 158: [MERGING & RECALIBRATING] LuCaP_77
Reason: Missing output files: data/raw_samples/merged_bam/LuCaP_77.bam, data/raw_samples/recalibrated_bam/LuCaP_77.bam, data/raw_samples/deduplicated_bam/LuCaP_77.bam; Input files updated by another job: data/raw_samples/aligned_fastq/SRR13105452.bam, data/raw_samples/aligned_fastq/SRR13105427.bam, data/raw_samples/aligned_fastq/SRR13105417.bam, data/raw_samples/aligned_fastq/SRR13105404.bam, data/raw_samples/aligned_fastq/SRR13105375.bam


        (picard MergeSamFiles -I data/raw_samples/aligned_fastq/SRR13105375.bam -I data/raw_samples/aligned_fastq/SRR13105404.bam -I data/raw_samples/aligned_fastq/SRR13105417.bam -I data/raw_samples/aligned_fastq/SRR13105427.bam -I data/raw_samples/aligned_fastq/SRR13105452.bam -O data/raw_samples/merged_bam/LuCaP_77_norg.bam --TMP_DIR tmp/ --CREATE_INDEX false) 2> log/merge_and_recalibrate/LuCaP_77_merge.log

        (picard AddOrReplaceReadGroups -I data/raw_samples/merged_bam/LuCaP_77_norg.bam --RGID 12 --RGLB lib12 --RGSM LuCaP_77 --RGPL ILLUMINA --RGPU D00608:12:CB6LRANXX:112 -O data/raw_samples/merged_bam/LuCaP_77.bam --TMP_DIR tmp/ --CREATE_INDEX true) 2> log/merge_and_recalibrate/LuCaP_77_replace_rg.log

        (gatk MarkDuplicates -I data/raw_samples/merged_bam/LuCaP_77.bam -O data/raw_samples/deduplicated_bam/LuCaP_77.bam -M data/raw_samples/deduplicated_bam/LuCaP_77_dedup_metrics.txt --CREATE_INDEX true --TMP_DIR tmp/) 2> log/merge_and_recalibrate/LuCaP_77_mark_dups.log

        (gatk BaseRecalibrator -I data/raw_samples/deduplicated_bam/LuCaP_77.bam -R resource/Homo_sapiens_assembly38.fasta -O data/raw_samples/deduplicated_bam/LuCaP_77_recal_data.table --tmp-dir tmp/ --known-sites resource/1000G_omni2.5.hg38_chrRenamed.vcf.gz --known-sites resource/dbsnp_138.hg38_chrRenamed.vcf.gz --known-sites resource/1000G_phase1.snps.high_confidence.hg38_chrRenamed.vcf.gz --known-sites resource/dbsnp_144.hg38_chrRenamed.vcf.gz --known-sites resource/hapmap_3.3.hg38_chrRenamed.vcf.gz --known-sites resource/Axiom_Exome_Plus.genotypes.all_populations.poly.hg38_chrRenamed.vcf.gz --known-sites resource/dbsnp_146.hg38_chrRenamed.vcf.gz --known-sites resource/Mills_and_1000G_gold_standard.indels.hg38_chrRenamed.vcf.gz --known-sites resource/hapmap_3.3_grch38_pop_stratified_af_chrRenamed.vcf.gz) 2> log/merge_and_recalibrate/LuCaP_77_base_recalibrate.log

        (gatk ApplyBQSR -R resource/Homo_sapiens_assembly38.fasta -I data/raw_samples/deduplicated_bam/LuCaP_77.bam -bqsr data/raw_samples/deduplicated_bam/LuCaP_77_recal_data.table -O data/raw_samples/recalibrated_bam/LuCaP_77.bam --tmp-dir tmp/ && samtools index data/raw_samples/recalibrated_bam/LuCaP_77.bam) 2> log/merge_and_recalibrate/LuCaP_77_apply_recab.log

        rm data/raw_samples/merged_bam/LuCaP_77_norg.bam
        

[Mon Jan 23 09:55:13 2023]
Job 147: [MERGING & RECALIBRATING] LuCaP_136
Reason: Missing output files: data/raw_samples/merged_bam/LuCaP_136.bam, data/raw_samples/recalibrated_bam/LuCaP_136.bam, data/raw_samples/deduplicated_bam/LuCaP_136.bam; Input files updated by another job: data/raw_samples/aligned_fastq/SRR13105357.bam, data/raw_samples/aligned_fastq/SRR13105433.bam, data/raw_samples/aligned_fastq/SRR13105384.bam


        (picard MergeSamFiles -I data/raw_samples/aligned_fastq/SRR13105357.bam -I data/raw_samples/aligned_fastq/SRR13105384.bam -I data/raw_samples/aligned_fastq/SRR13105433.bam -O data/raw_samples/merged_bam/LuCaP_136_norg.bam --TMP_DIR tmp/ --CREATE_INDEX false) 2> log/merge_and_recalibrate/LuCaP_136_merge.log

        (picard AddOrReplaceReadGroups -I data/raw_samples/merged_bam/LuCaP_136_norg.bam --RGID 1 --RGLB lib1 --RGSM LuCaP_136 --RGPL ILLUMINA --RGPU D00608:1:CB6LRANXX:101 -O data/raw_samples/merged_bam/LuCaP_136.bam --TMP_DIR tmp/ --CREATE_INDEX true) 2> log/merge_and_recalibrate/LuCaP_136_replace_rg.log

        (gatk MarkDuplicates -I data/raw_samples/merged_bam/LuCaP_136.bam -O data/raw_samples/deduplicated_bam/LuCaP_136.bam -M data/raw_samples/deduplicated_bam/LuCaP_136_dedup_metrics.txt --CREATE_INDEX true --TMP_DIR tmp/) 2> log/merge_and_recalibrate/LuCaP_136_mark_dups.log

        (gatk BaseRecalibrator -I data/raw_samples/deduplicated_bam/LuCaP_136.bam -R resource/Homo_sapiens_assembly38.fasta -O data/raw_samples/deduplicated_bam/LuCaP_136_recal_data.table --tmp-dir tmp/ --known-sites resource/1000G_omni2.5.hg38_chrRenamed.vcf.gz --known-sites resource/dbsnp_138.hg38_chrRenamed.vcf.gz --known-sites resource/1000G_phase1.snps.high_confidence.hg38_chrRenamed.vcf.gz --known-sites resource/dbsnp_144.hg38_chrRenamed.vcf.gz --known-sites resource/hapmap_3.3.hg38_chrRenamed.vcf.gz --known-sites resource/Axiom_Exome_Plus.genotypes.all_populations.poly.hg38_chrRenamed.vcf.gz --known-sites resource/dbsnp_146.hg38_chrRenamed.vcf.gz --known-sites resource/Mills_and_1000G_gold_standard.indels.hg38_chrRenamed.vcf.gz --known-sites resource/hapmap_3.3_grch38_pop_stratified_af_chrRenamed.vcf.gz) 2> log/merge_and_recalibrate/LuCaP_136_base_recalibrate.log

        (gatk ApplyBQSR -R resource/Homo_sapiens_assembly38.fasta -I data/raw_samples/deduplicated_bam/LuCaP_136.bam -bqsr data/raw_samples/deduplicated_bam/LuCaP_136_recal_data.table -O data/raw_samples/recalibrated_bam/LuCaP_136.bam --tmp-dir tmp/ && samtools index data/raw_samples/recalibrated_bam/LuCaP_136.bam) 2> log/merge_and_recalibrate/LuCaP_136_apply_recab.log

        rm data/raw_samples/merged_bam/LuCaP_136_norg.bam
        

[Mon Jan 23 09:55:13 2023]
Job 162: [MERGING & RECALIBRATING] LuCaP_92
Reason: Missing output files: data/raw_samples/deduplicated_bam/LuCaP_92.bam, data/raw_samples/merged_bam/LuCaP_92.bam, data/raw_samples/recalibrated_bam/LuCaP_92.bam; Input files updated by another job: data/raw_samples/aligned_fastq/SRR13105381.bam, data/raw_samples/aligned_fastq/SRR13105410.bam, data/raw_samples/aligned_fastq/SRR13105430.bam, data/raw_samples/aligned_fastq/SRR13105458.bam, data/raw_samples/aligned_fastq/SRR13105420.bam


        (picard MergeSamFiles -I data/raw_samples/aligned_fastq/SRR13105381.bam -I data/raw_samples/aligned_fastq/SRR13105410.bam -I data/raw_samples/aligned_fastq/SRR13105420.bam -I data/raw_samples/aligned_fastq/SRR13105430.bam -I data/raw_samples/aligned_fastq/SRR13105458.bam -O data/raw_samples/merged_bam/LuCaP_92_norg.bam --TMP_DIR tmp/ --CREATE_INDEX false) 2> log/merge_and_recalibrate/LuCaP_92_merge.log

        (picard AddOrReplaceReadGroups -I data/raw_samples/merged_bam/LuCaP_92_norg.bam --RGID 16 --RGLB lib16 --RGSM LuCaP_92 --RGPL ILLUMINA --RGPU D00608:16:CB6LRANXX:116 -O data/raw_samples/merged_bam/LuCaP_92.bam --TMP_DIR tmp/ --CREATE_INDEX true) 2> log/merge_and_recalibrate/LuCaP_92_replace_rg.log

        (gatk MarkDuplicates -I data/raw_samples/merged_bam/LuCaP_92.bam -O data/raw_samples/deduplicated_bam/LuCaP_92.bam -M data/raw_samples/deduplicated_bam/LuCaP_92_dedup_metrics.txt --CREATE_INDEX true --TMP_DIR tmp/) 2> log/merge_and_recalibrate/LuCaP_92_mark_dups.log

        (gatk BaseRecalibrator -I data/raw_samples/deduplicated_bam/LuCaP_92.bam -R resource/Homo_sapiens_assembly38.fasta -O data/raw_samples/deduplicated_bam/LuCaP_92_recal_data.table --tmp-dir tmp/ --known-sites resource/1000G_omni2.5.hg38_chrRenamed.vcf.gz --known-sites resource/dbsnp_138.hg38_chrRenamed.vcf.gz --known-sites resource/1000G_phase1.snps.high_confidence.hg38_chrRenamed.vcf.gz --known-sites resource/dbsnp_144.hg38_chrRenamed.vcf.gz --known-sites resource/hapmap_3.3.hg38_chrRenamed.vcf.gz --known-sites resource/Axiom_Exome_Plus.genotypes.all_populations.poly.hg38_chrRenamed.vcf.gz --known-sites resource/dbsnp_146.hg38_chrRenamed.vcf.gz --known-sites resource/Mills_and_1000G_gold_standard.indels.hg38_chrRenamed.vcf.gz --known-sites resource/hapmap_3.3_grch38_pop_stratified_af_chrRenamed.vcf.gz) 2> log/merge_and_recalibrate/LuCaP_92_base_recalibrate.log

        (gatk ApplyBQSR -R resource/Homo_sapiens_assembly38.fasta -I data/raw_samples/deduplicated_bam/LuCaP_92.bam -bqsr data/raw_samples/deduplicated_bam/LuCaP_92_recal_data.table -O data/raw_samples/recalibrated_bam/LuCaP_92.bam --tmp-dir tmp/ && samtools index data/raw_samples/recalibrated_bam/LuCaP_92.bam) 2> log/merge_and_recalibrate/LuCaP_92_apply_recab.log

        rm data/raw_samples/merged_bam/LuCaP_92_norg.bam
        

[Mon Jan 23 09:55:13 2023]
Job 151: [MERGING & RECALIBRATING] LuCaP_170
Reason: Missing output files: data/raw_samples/recalibrated_bam/LuCaP_170.bam, data/raw_samples/merged_bam/LuCaP_170.bam, data/raw_samples/deduplicated_bam/LuCaP_170.bam; Input files updated by another job: data/raw_samples/aligned_fastq/SRR13105439.bam, data/raw_samples/aligned_fastq/SRR13105390.bam, data/raw_samples/aligned_fastq/SRR13105362.bam


        (picard MergeSamFiles -I data/raw_samples/aligned_fastq/SRR13105362.bam -I data/raw_samples/aligned_fastq/SRR13105390.bam -I data/raw_samples/aligned_fastq/SRR13105439.bam -O data/raw_samples/merged_bam/LuCaP_170_norg.bam --TMP_DIR tmp/ --CREATE_INDEX false) 2> log/merge_and_recalibrate/LuCaP_170_merge.log

        (picard AddOrReplaceReadGroups -I data/raw_samples/merged_bam/LuCaP_170_norg.bam --RGID 5 --RGLB lib5 --RGSM LuCaP_170 --RGPL ILLUMINA --RGPU D00608:5:CB6LRANXX:105 -O data/raw_samples/merged_bam/LuCaP_170.bam --TMP_DIR tmp/ --CREATE_INDEX true) 2> log/merge_and_recalibrate/LuCaP_170_replace_rg.log

        (gatk MarkDuplicates -I data/raw_samples/merged_bam/LuCaP_170.bam -O data/raw_samples/deduplicated_bam/LuCaP_170.bam -M data/raw_samples/deduplicated_bam/LuCaP_170_dedup_metrics.txt --CREATE_INDEX true --TMP_DIR tmp/) 2> log/merge_and_recalibrate/LuCaP_170_mark_dups.log

        (gatk BaseRecalibrator -I data/raw_samples/deduplicated_bam/LuCaP_170.bam -R resource/Homo_sapiens_assembly38.fasta -O data/raw_samples/deduplicated_bam/LuCaP_170_recal_data.table --tmp-dir tmp/ --known-sites resource/1000G_omni2.5.hg38_chrRenamed.vcf.gz --known-sites resource/dbsnp_138.hg38_chrRenamed.vcf.gz --known-sites resource/1000G_phase1.snps.high_confidence.hg38_chrRenamed.vcf.gz --known-sites resource/dbsnp_144.hg38_chrRenamed.vcf.gz --known-sites resource/hapmap_3.3.hg38_chrRenamed.vcf.gz --known-sites resource/Axiom_Exome_Plus.genotypes.all_populations.poly.hg38_chrRenamed.vcf.gz --known-sites resource/dbsnp_146.hg38_chrRenamed.vcf.gz --known-sites resource/Mills_and_1000G_gold_standard.indels.hg38_chrRenamed.vcf.gz --known-sites resource/hapmap_3.3_grch38_pop_stratified_af_chrRenamed.vcf.gz) 2> log/merge_and_recalibrate/LuCaP_170_base_recalibrate.log

        (gatk ApplyBQSR -R resource/Homo_sapiens_assembly38.fasta -I data/raw_samples/deduplicated_bam/LuCaP_170.bam -bqsr data/raw_samples/deduplicated_bam/LuCaP_170_recal_data.table -O data/raw_samples/recalibrated_bam/LuCaP_170.bam --tmp-dir tmp/ && samtools index data/raw_samples/recalibrated_bam/LuCaP_170.bam) 2> log/merge_and_recalibrate/LuCaP_170_apply_recab.log

        rm data/raw_samples/merged_bam/LuCaP_170_norg.bam
        

[Mon Jan 23 09:55:13 2023]
Job 170: [CALLING HAPLOTYPES] LuCaP_189
Reason: Missing output files: data/gvcf_files/LuCaP_189.reblocked.g.vcf.gz; Input files updated by another job: data/raw_samples/recalibrated_bam/LuCaP_189.bam


        (gatk HaplotypeCaller -R resource/Homo_sapiens_assembly38.fasta -I data/raw_samples/recalibrated_bam/LuCaP_189.bam -O data/gvcf_files/LuCaP_189.g.vcf.gz -ERC GVCF) 2> log/call_haplotypes/LuCaP_189_call_haps.log
        (gatk ReblockGVCF -R resource/Homo_sapiens_assembly38.fasta -V data/gvcf_files/LuCaP_189.g.vcf.gz -O data/gvcf_files/LuCaP_189.reblocked.g.vcf.gz) 2> log/call_haplotypes/LuCaP_189_reblock.log
        rm data/gvcf_files/LuCaP_189.g.vcf.gz
        

[Mon Jan 23 09:55:13 2023]
Job 174: [CALLING HAPLOTYPES] LuCaP_70
Reason: Missing output files: data/gvcf_files/LuCaP_70.reblocked.g.vcf.gz; Input files updated by another job: data/raw_samples/recalibrated_bam/LuCaP_70.bam


        (gatk HaplotypeCaller -R resource/Homo_sapiens_assembly38.fasta -I data/raw_samples/recalibrated_bam/LuCaP_70.bam -O data/gvcf_files/LuCaP_70.g.vcf.gz -ERC GVCF) 2> log/call_haplotypes/LuCaP_70_call_haps.log
        (gatk ReblockGVCF -R resource/Homo_sapiens_assembly38.fasta -V data/gvcf_files/LuCaP_70.g.vcf.gz -O data/gvcf_files/LuCaP_70.reblocked.g.vcf.gz) 2> log/call_haplotypes/LuCaP_70_reblock.log
        rm data/gvcf_files/LuCaP_70.g.vcf.gz
        

[Mon Jan 23 09:55:13 2023]
Job 178: [CALLING HAPLOTYPES] LuCaP_86
Reason: Missing output files: data/gvcf_files/LuCaP_86.reblocked.g.vcf.gz; Input files updated by another job: data/raw_samples/recalibrated_bam/LuCaP_86.bam


        (gatk HaplotypeCaller -R resource/Homo_sapiens_assembly38.fasta -I data/raw_samples/recalibrated_bam/LuCaP_86.bam -O data/gvcf_files/LuCaP_86.g.vcf.gz -ERC GVCF) 2> log/call_haplotypes/LuCaP_86_call_haps.log
        (gatk ReblockGVCF -R resource/Homo_sapiens_assembly38.fasta -V data/gvcf_files/LuCaP_86.g.vcf.gz -O data/gvcf_files/LuCaP_86.reblocked.g.vcf.gz) 2> log/call_haplotypes/LuCaP_86_reblock.log
        rm data/gvcf_files/LuCaP_86.g.vcf.gz
        

[Mon Jan 23 09:55:13 2023]
Job 167: [CALLING HAPLOTYPES] LuCaP_167
Reason: Missing output files: data/gvcf_files/LuCaP_167.reblocked.g.vcf.gz; Input files updated by another job: data/raw_samples/recalibrated_bam/LuCaP_167.bam


        (gatk HaplotypeCaller -R resource/Homo_sapiens_assembly38.fasta -I data/raw_samples/recalibrated_bam/LuCaP_167.bam -O data/gvcf_files/LuCaP_167.g.vcf.gz -ERC GVCF) 2> log/call_haplotypes/LuCaP_167_call_haps.log
        (gatk ReblockGVCF -R resource/Homo_sapiens_assembly38.fasta -V data/gvcf_files/LuCaP_167.g.vcf.gz -O data/gvcf_files/LuCaP_167.reblocked.g.vcf.gz) 2> log/call_haplotypes/LuCaP_167_reblock.log
        rm data/gvcf_files/LuCaP_167.g.vcf.gz
        

[Mon Jan 23 09:55:13 2023]
Job 171: [CALLING HAPLOTYPES] LuCaP_208
Reason: Missing output files: data/gvcf_files/LuCaP_208.reblocked.g.vcf.gz; Input files updated by another job: data/raw_samples/recalibrated_bam/LuCaP_208.bam


        (gatk HaplotypeCaller -R resource/Homo_sapiens_assembly38.fasta -I data/raw_samples/recalibrated_bam/LuCaP_208.bam -O data/gvcf_files/LuCaP_208.g.vcf.gz -ERC GVCF) 2> log/call_haplotypes/LuCaP_208_call_haps.log
        (gatk ReblockGVCF -R resource/Homo_sapiens_assembly38.fasta -V data/gvcf_files/LuCaP_208.g.vcf.gz -O data/gvcf_files/LuCaP_208.reblocked.g.vcf.gz) 2> log/call_haplotypes/LuCaP_208_reblock.log
        rm data/gvcf_files/LuCaP_208.g.vcf.gz
        

[Mon Jan 23 09:55:13 2023]
Job 175: [CALLING HAPLOTYPES] LuCaP_77
Reason: Missing output files: data/gvcf_files/LuCaP_77.reblocked.g.vcf.gz; Input files updated by another job: data/raw_samples/recalibrated_bam/LuCaP_77.bam


        (gatk HaplotypeCaller -R resource/Homo_sapiens_assembly38.fasta -I data/raw_samples/recalibrated_bam/LuCaP_77.bam -O data/gvcf_files/LuCaP_77.g.vcf.gz -ERC GVCF) 2> log/call_haplotypes/LuCaP_77_call_haps.log
        (gatk ReblockGVCF -R resource/Homo_sapiens_assembly38.fasta -V data/gvcf_files/LuCaP_77.g.vcf.gz -O data/gvcf_files/LuCaP_77.reblocked.g.vcf.gz) 2> log/call_haplotypes/LuCaP_77_reblock.log
        rm data/gvcf_files/LuCaP_77.g.vcf.gz
        

[Mon Jan 23 09:55:13 2023]
Job 179: [CALLING HAPLOTYPES] LuCaP_92
Reason: Missing output files: data/gvcf_files/LuCaP_92.reblocked.g.vcf.gz; Input files updated by another job: data/raw_samples/recalibrated_bam/LuCaP_92.bam


        (gatk HaplotypeCaller -R resource/Homo_sapiens_assembly38.fasta -I data/raw_samples/recalibrated_bam/LuCaP_92.bam -O data/gvcf_files/LuCaP_92.g.vcf.gz -ERC GVCF) 2> log/call_haplotypes/LuCaP_92_call_haps.log
        (gatk ReblockGVCF -R resource/Homo_sapiens_assembly38.fasta -V data/gvcf_files/LuCaP_92.g.vcf.gz -O data/gvcf_files/LuCaP_92.reblocked.g.vcf.gz) 2> log/call_haplotypes/LuCaP_92_reblock.log
        rm data/gvcf_files/LuCaP_92.g.vcf.gz
        

[Mon Jan 23 09:55:13 2023]
Job 164: [CALLING HAPLOTYPES] LuCaP_136
Reason: Missing output files: data/gvcf_files/LuCaP_136.reblocked.g.vcf.gz; Input files updated by another job: data/raw_samples/recalibrated_bam/LuCaP_136.bam


        (gatk HaplotypeCaller -R resource/Homo_sapiens_assembly38.fasta -I data/raw_samples/recalibrated_bam/LuCaP_136.bam -O data/gvcf_files/LuCaP_136.g.vcf.gz -ERC GVCF) 2> log/call_haplotypes/LuCaP_136_call_haps.log
        (gatk ReblockGVCF -R resource/Homo_sapiens_assembly38.fasta -V data/gvcf_files/LuCaP_136.g.vcf.gz -O data/gvcf_files/LuCaP_136.reblocked.g.vcf.gz) 2> log/call_haplotypes/LuCaP_136_reblock.log
        rm data/gvcf_files/LuCaP_136.g.vcf.gz
        

[Mon Jan 23 09:55:13 2023]
Job 168: [CALLING HAPLOTYPES] LuCaP_170
Reason: Missing output files: data/gvcf_files/LuCaP_170.reblocked.g.vcf.gz; Input files updated by another job: data/raw_samples/recalibrated_bam/LuCaP_170.bam


        (gatk HaplotypeCaller -R resource/Homo_sapiens_assembly38.fasta -I data/raw_samples/recalibrated_bam/LuCaP_170.bam -O data/gvcf_files/LuCaP_170.g.vcf.gz -ERC GVCF) 2> log/call_haplotypes/LuCaP_170_call_haps.log
        (gatk ReblockGVCF -R resource/Homo_sapiens_assembly38.fasta -V data/gvcf_files/LuCaP_170.g.vcf.gz -O data/gvcf_files/LuCaP_170.reblocked.g.vcf.gz) 2> log/call_haplotypes/LuCaP_170_reblock.log
        rm data/gvcf_files/LuCaP_170.g.vcf.gz
        

[Mon Jan 23 09:55:13 2023]
Job 172: [CALLING HAPLOTYPES] LuCaP_49
Reason: Missing output files: data/gvcf_files/LuCaP_49.reblocked.g.vcf.gz; Input files updated by another job: data/raw_samples/recalibrated_bam/LuCaP_49.bam


        (gatk HaplotypeCaller -R resource/Homo_sapiens_assembly38.fasta -I data/raw_samples/recalibrated_bam/LuCaP_49.bam -O data/gvcf_files/LuCaP_49.g.vcf.gz -ERC GVCF) 2> log/call_haplotypes/LuCaP_49_call_haps.log
        (gatk ReblockGVCF -R resource/Homo_sapiens_assembly38.fasta -V data/gvcf_files/LuCaP_49.g.vcf.gz -O data/gvcf_files/LuCaP_49.reblocked.g.vcf.gz) 2> log/call_haplotypes/LuCaP_49_reblock.log
        rm data/gvcf_files/LuCaP_49.g.vcf.gz
        

[Mon Jan 23 09:55:13 2023]
Job 176: [CALLING HAPLOTYPES] LuCaP_78
Reason: Missing output files: data/gvcf_files/LuCaP_78.reblocked.g.vcf.gz; Input files updated by another job: data/raw_samples/recalibrated_bam/LuCaP_78.bam


        (gatk HaplotypeCaller -R resource/Homo_sapiens_assembly38.fasta -I data/raw_samples/recalibrated_bam/LuCaP_78.bam -O data/gvcf_files/LuCaP_78.g.vcf.gz -ERC GVCF) 2> log/call_haplotypes/LuCaP_78_call_haps.log
        (gatk ReblockGVCF -R resource/Homo_sapiens_assembly38.fasta -V data/gvcf_files/LuCaP_78.g.vcf.gz -O data/gvcf_files/LuCaP_78.reblocked.g.vcf.gz) 2> log/call_haplotypes/LuCaP_78_reblock.log
        rm data/gvcf_files/LuCaP_78.g.vcf.gz
        

[Mon Jan 23 09:55:13 2023]
Job 180: [CALLING HAPLOTYPES] LuCaP_93
Reason: Missing output files: data/gvcf_files/LuCaP_93.reblocked.g.vcf.gz; Input files updated by another job: data/raw_samples/recalibrated_bam/LuCaP_93.bam


        (gatk HaplotypeCaller -R resource/Homo_sapiens_assembly38.fasta -I data/raw_samples/recalibrated_bam/LuCaP_93.bam -O data/gvcf_files/LuCaP_93.g.vcf.gz -ERC GVCF) 2> log/call_haplotypes/LuCaP_93_call_haps.log
        (gatk ReblockGVCF -R resource/Homo_sapiens_assembly38.fasta -V data/gvcf_files/LuCaP_93.g.vcf.gz -O data/gvcf_files/LuCaP_93.reblocked.g.vcf.gz) 2> log/call_haplotypes/LuCaP_93_reblock.log
        rm data/gvcf_files/LuCaP_93.g.vcf.gz
        

[Mon Jan 23 09:55:13 2023]
Job 165: [CALLING HAPLOTYPES] LuCaP_141
Reason: Missing output files: data/gvcf_files/LuCaP_141.reblocked.g.vcf.gz; Input files updated by another job: data/raw_samples/recalibrated_bam/LuCaP_141.bam


        (gatk HaplotypeCaller -R resource/Homo_sapiens_assembly38.fasta -I data/raw_samples/recalibrated_bam/LuCaP_141.bam -O data/gvcf_files/LuCaP_141.g.vcf.gz -ERC GVCF) 2> log/call_haplotypes/LuCaP_141_call_haps.log
        (gatk ReblockGVCF -R resource/Homo_sapiens_assembly38.fasta -V data/gvcf_files/LuCaP_141.g.vcf.gz -O data/gvcf_files/LuCaP_141.reblocked.g.vcf.gz) 2> log/call_haplotypes/LuCaP_141_reblock.log
        rm data/gvcf_files/LuCaP_141.g.vcf.gz
        

[Mon Jan 23 09:55:13 2023]
Job 169: [CALLING HAPLOTYPES] LuCaP_173
Reason: Missing output files: data/gvcf_files/LuCaP_173.reblocked.g.vcf.gz; Input files updated by another job: data/raw_samples/recalibrated_bam/LuCaP_173.bam


        (gatk HaplotypeCaller -R resource/Homo_sapiens_assembly38.fasta -I data/raw_samples/recalibrated_bam/LuCaP_173.bam -O data/gvcf_files/LuCaP_173.g.vcf.gz -ERC GVCF) 2> log/call_haplotypes/LuCaP_173_call_haps.log
        (gatk ReblockGVCF -R resource/Homo_sapiens_assembly38.fasta -V data/gvcf_files/LuCaP_173.g.vcf.gz -O data/gvcf_files/LuCaP_173.reblocked.g.vcf.gz) 2> log/call_haplotypes/LuCaP_173_reblock.log
        rm data/gvcf_files/LuCaP_173.g.vcf.gz
        

[Mon Jan 23 09:55:13 2023]
Job 173: [CALLING HAPLOTYPES] LuCaP_58
Reason: Missing output files: data/gvcf_files/LuCaP_58.reblocked.g.vcf.gz; Input files updated by another job: data/raw_samples/recalibrated_bam/LuCaP_58.bam


        (gatk HaplotypeCaller -R resource/Homo_sapiens_assembly38.fasta -I data/raw_samples/recalibrated_bam/LuCaP_58.bam -O data/gvcf_files/LuCaP_58.g.vcf.gz -ERC GVCF) 2> log/call_haplotypes/LuCaP_58_call_haps.log
        (gatk ReblockGVCF -R resource/Homo_sapiens_assembly38.fasta -V data/gvcf_files/LuCaP_58.g.vcf.gz -O data/gvcf_files/LuCaP_58.reblocked.g.vcf.gz) 2> log/call_haplotypes/LuCaP_58_reblock.log
        rm data/gvcf_files/LuCaP_58.g.vcf.gz
        

[Mon Jan 23 09:55:13 2023]
Job 177: [CALLING HAPLOTYPES] LuCaP_81
Reason: Missing output files: data/gvcf_files/LuCaP_81.reblocked.g.vcf.gz; Input files updated by another job: data/raw_samples/recalibrated_bam/LuCaP_81.bam


        (gatk HaplotypeCaller -R resource/Homo_sapiens_assembly38.fasta -I data/raw_samples/recalibrated_bam/LuCaP_81.bam -O data/gvcf_files/LuCaP_81.g.vcf.gz -ERC GVCF) 2> log/call_haplotypes/LuCaP_81_call_haps.log
        (gatk ReblockGVCF -R resource/Homo_sapiens_assembly38.fasta -V data/gvcf_files/LuCaP_81.g.vcf.gz -O data/gvcf_files/LuCaP_81.reblocked.g.vcf.gz) 2> log/call_haplotypes/LuCaP_81_reblock.log
        rm data/gvcf_files/LuCaP_81.g.vcf.gz
        

[Mon Jan 23 09:55:13 2023]
Job 166: [CALLING HAPLOTYPES] LuCaP_145
Reason: Missing output files: data/gvcf_files/LuCaP_145.reblocked.g.vcf.gz; Input files updated by another job: data/raw_samples/recalibrated_bam/LuCaP_145.bam


        (gatk HaplotypeCaller -R resource/Homo_sapiens_assembly38.fasta -I data/raw_samples/recalibrated_bam/LuCaP_145.bam -O data/gvcf_files/LuCaP_145.g.vcf.gz -ERC GVCF) 2> log/call_haplotypes/LuCaP_145_call_haps.log
        (gatk ReblockGVCF -R resource/Homo_sapiens_assembly38.fasta -V data/gvcf_files/LuCaP_145.g.vcf.gz -O data/gvcf_files/LuCaP_145.reblocked.g.vcf.gz) 2> log/call_haplotypes/LuCaP_145_reblock.log
        rm data/gvcf_files/LuCaP_145.g.vcf.gz
        

[Mon Jan 23 09:55:13 2023]
Job 200: [CREATING VARIANTS DB] chr=chr20
Reason: Missing output files: scratch/chr20_db; Input files updated by another job: data/gvcf_files/LuCaP_208.reblocked.g.vcf.gz, data/gvcf_files/LuCaP_167.reblocked.g.vcf.gz, data/gvcf_files/LuCaP_93.reblocked.g.vcf.gz, data/gvcf_files/LuCaP_81.reblocked.g.vcf.gz, data/gvcf_files/LuCaP_70.reblocked.g.vcf.gz, data/gvcf_files/LuCaP_145.reblocked.g.vcf.gz, data/gvcf_files/LuCaP_173.reblocked.g.vcf.gz, data/gvcf_files/LuCaP_141.reblocked.g.vcf.gz, data/gvcf_files/LuCaP_136.reblocked.g.vcf.gz, data/gvcf_files/LuCaP_189.reblocked.g.vcf.gz, data/gvcf_files/LuCaP_78.reblocked.g.vcf.gz, data/gvcf_files/LuCaP_86.reblocked.g.vcf.gz, data/gvcf_files/LuCaP_58.reblocked.g.vcf.gz, data/gvcf_files/LuCaP_92.reblocked.g.vcf.gz, data/gvcf_files/LuCaP_77.reblocked.g.vcf.gz, data/gvcf_files/LuCaP_170.reblocked.g.vcf.gz, data/gvcf_files/LuCaP_49.reblocked.g.vcf.gz

RuleException in rule create_variants_DB  in line 334 of /home/temi/Dropbox/phd_journey/lab-work/lab-stuff/variant-calling/snakemake_pipeline/Snakefile:
AttributeError: 'Wildcards' object has no attribute 'scratch_dir', when formatting the following:

        (gatk GenomicsDBImport -V {params.input_samples} --genomicsdb-workspace-path {wildcards.scratch_dir}/{wildcards.chr}_db --intervals {wildcards.chr} --tmp-dir {params.temporary_dir} && cp -r {wildcards.scratch_dir}/{wildcards.chr}_db data/variants_DB/{wildcards.chr}_db) 2> {log}
        
